<?xml version="1.0" encoding="UTF-8"?>
<Tokens version="1.0">
	<File path="Classes/ZRContacts.html">
		
		<Token>
			<TokenIdentifier>//apple_ref/occ/cl/ZRContacts</TokenIdentifier>
			<Abstract type="html"></Abstract>
			<DeclaredIn>ZRModel.h</DeclaredIn>
            
			
			<NodeRef refid="11"/>
		</Token>
		
		
		<Token>
			<TokenIdentifier>//apple_ref/occ/instm/ZRContacts/setCId:</TokenIdentifier>
			<Abstract type="html">contactId (hash_id): The unique index of the phone book, it is recommended to use the year, month, day, hour, minute and second integer</Abstract>
			<DeclaredIn>ZRModel.h</DeclaredIn>
			
			<Declaration>@property (nonatomic, assign) NSInteger cId</Declaration>
			
			
			<Anchor>//api/name/cId</Anchor>
            <NodeRef refid="11"/>
		</Token>
		
		<Token>
			<TokenIdentifier>//apple_ref/occ/instm/ZRContacts/cId</TokenIdentifier>
			<Abstract type="html">contactId (hash_id): The unique index of the phone book, it is recommended to use the year, month, day, hour, minute and second integer</Abstract>
			<DeclaredIn>ZRModel.h</DeclaredIn>
			
			<Declaration>@property (nonatomic, assign) NSInteger cId</Declaration>
			
			
			<Anchor>//api/name/cId</Anchor>
            <NodeRef refid="11"/>
		</Token>
		
		<Token>
			<TokenIdentifier>//apple_ref/occ/instp/ZRContacts/cId</TokenIdentifier>
			<Abstract type="html">contactId (hash_id): The unique index of the phone book, it is recommended to use the year, month, day, hour, minute and second integer</Abstract>
			<DeclaredIn>ZRModel.h</DeclaredIn>
			
			<Declaration>@property (nonatomic, assign) NSInteger cId</Declaration>
			
			
			<Anchor>//api/name/cId</Anchor>
            <NodeRef refid="11"/>
		</Token>
		
		<Token>
			<TokenIdentifier>//apple_ref/occ/instm/ZRContacts/setName:</TokenIdentifier>
			<Abstract type="html">! 18 bytes, up to 6 characters, the excess will be cut off&lt;##&gt;</Abstract>
			<DeclaredIn>ZRModel.h</DeclaredIn>
			
			<Declaration>@property (nonatomic, copy) NSString *name</Declaration>
			
			
			<Anchor>//api/name/name</Anchor>
            <NodeRef refid="11"/>
		</Token>
		
		<Token>
			<TokenIdentifier>//apple_ref/occ/instm/ZRContacts/name</TokenIdentifier>
			<Abstract type="html">! 18 bytes, up to 6 characters, the excess will be cut off&lt;##&gt;</Abstract>
			<DeclaredIn>ZRModel.h</DeclaredIn>
			
			<Declaration>@property (nonatomic, copy) NSString *name</Declaration>
			
			
			<Anchor>//api/name/name</Anchor>
            <NodeRef refid="11"/>
		</Token>
		
		<Token>
			<TokenIdentifier>//apple_ref/occ/instp/ZRContacts/name</TokenIdentifier>
			<Abstract type="html">! 18 bytes, up to 6 characters, the excess will be cut off&lt;##&gt;</Abstract>
			<DeclaredIn>ZRModel.h</DeclaredIn>
			
			<Declaration>@property (nonatomic, copy) NSString *name</Declaration>
			
			
			<Anchor>//api/name/name</Anchor>
            <NodeRef refid="11"/>
		</Token>
		
		<Token>
			<TokenIdentifier>//apple_ref/occ/instm/ZRContacts/setNumber:</TokenIdentifier>
			<Abstract type="html">! Phone numbers, numbers only, no more than 20 digits</Abstract>
			<DeclaredIn>ZRModel.h</DeclaredIn>
			
			<Declaration>@property (nonatomic, copy) NSString *number</Declaration>
			
			
			<Anchor>//api/name/number</Anchor>
            <NodeRef refid="11"/>
		</Token>
		
		<Token>
			<TokenIdentifier>//apple_ref/occ/instm/ZRContacts/number</TokenIdentifier>
			<Abstract type="html">! Phone numbers, numbers only, no more than 20 digits</Abstract>
			<DeclaredIn>ZRModel.h</DeclaredIn>
			
			<Declaration>@property (nonatomic, copy) NSString *number</Declaration>
			
			
			<Anchor>//api/name/number</Anchor>
            <NodeRef refid="11"/>
		</Token>
		
		<Token>
			<TokenIdentifier>//apple_ref/occ/instp/ZRContacts/number</TokenIdentifier>
			<Abstract type="html">! Phone numbers, numbers only, no more than 20 digits</Abstract>
			<DeclaredIn>ZRModel.h</DeclaredIn>
			
			<Declaration>@property (nonatomic, copy) NSString *number</Declaration>
			
			
			<Anchor>//api/name/number</Anchor>
            <NodeRef refid="11"/>
		</Token>
		
        
        
	</File>
</Tokens>