<?xml version="1.0" encoding="UTF-8"?>
<Tokens version="1.0">
	<File path="Categories/NSObject+FBKVOController.html">
		
		<Token>
			<TokenIdentifier>//apple_ref/occ/cat/NSObject(FBKVOController)</TokenIdentifier>
			<Abstract type="html"></Abstract>
			<DeclaredIn>FBKVOController.h</DeclaredIn>
            
			
			<NodeRef refid="31"/>
		</Token>
		
		
		<Token>
			<TokenIdentifier>//apple_ref/occ/instm/NSObject/setKVOController:</TokenIdentifier>
			<Abstract type="html">Lazy-loaded FBKVOController for use with any object</Abstract>
			<DeclaredIn>FBKVOController.h</DeclaredIn>
			
			<Declaration>@property (nonatomic, strong) FBKVOController *KVOController</Declaration>
			
			<ReturnValue><Abstract type="html">FBKVOController associated with this object, creating one if necessary</Abstract></ReturnValue>
			<Anchor>//api/name/KVOController</Anchor>
            <NodeRef refid="31"/>
		</Token>
		
		<Token>
			<TokenIdentifier>//apple_ref/occ/instm/NSObject/KVOController</TokenIdentifier>
			<Abstract type="html">Lazy-loaded FBKVOController for use with any object</Abstract>
			<DeclaredIn>FBKVOController.h</DeclaredIn>
			
			<Declaration>@property (nonatomic, strong) FBKVOController *KVOController</Declaration>
			
			<ReturnValue><Abstract type="html">FBKVOController associated with this object, creating one if necessary</Abstract></ReturnValue>
			<Anchor>//api/name/KVOController</Anchor>
            <NodeRef refid="31"/>
		</Token>
		
		<Token>
			<TokenIdentifier>//apple_ref/occ/instp/NSObject/KVOController</TokenIdentifier>
			<Abstract type="html">Lazy-loaded FBKVOController for use with any object</Abstract>
			<DeclaredIn>FBKVOController.h</DeclaredIn>
			
			<Declaration>@property (nonatomic, strong) FBKVOController *KVOController</Declaration>
			
			<ReturnValue><Abstract type="html">FBKVOController associated with this object, creating one if necessary</Abstract></ReturnValue>
			<Anchor>//api/name/KVOController</Anchor>
            <NodeRef refid="31"/>
		</Token>
		
        
        
	</File>
</Tokens>