<?xml version="1.0" encoding="UTF-8"?>
<Tokens version="1.0">
	<File path="Constants/DNDType.html">
		
		<Token>
			<TokenIdentifier>//apple_ref/c/tdef/DNDType</TokenIdentifier>
			<Abstract type="html"></Abstract>
			<DeclaredIn>ZRModel.h</DeclaredIn>
            
			
			<NodeRef refid="43"/>
		</Token>
		
		
        
        <Token>
            <TokenIdentifier>//apple_ref/c/econst/DNDTypeNull</TokenIdentifier>
            <Abstract type="html"></Abstract>
            <Declaration>DNDTypeNull</Declaration>
            
            <DeclaredIn>ZRModel.h</DeclaredIn>
            
            <NodeRef refid="43"/>
        </Token>
        
        <Token>
            <TokenIdentifier>//apple_ref/c/econst/DNDTypeNormal</TokenIdentifier>
            <Abstract type="html"></Abstract>
            <Declaration>DNDTypeNormal</Declaration>
            
            <DeclaredIn>ZRModel.h</DeclaredIn>
            
            <NodeRef refid="43"/>
        </Token>
        
        <Token>
            <TokenIdentifier>//apple_ref/c/econst/DNDTypeSleep</TokenIdentifier>
            <Abstract type="html"></Abstract>
            <Declaration>DNDTypeSleep</Declaration>
            
            <DeclaredIn>ZRModel.h</DeclaredIn>
            
            <NodeRef refid="43"/>
        </Token>
        
        <Token>
            <TokenIdentifier>//apple_ref/c/econst/DNDTypeAllDay</TokenIdentifier>
            <Abstract type="html"></Abstract>
            <Declaration>DNDTypeAllDay</Declaration>
            
            <DeclaredIn>ZRModel.h</DeclaredIn>
            
            <NodeRef refid="43"/>
        </Token>
        
        
	</File>
</Tokens>