<?xml version="1.0" encoding="UTF-8"?>
<Tokens version="1.0">
	<File path="Classes/ZRTargetOnceDay.html">
		
		<Token>
			<TokenIdentifier>//apple_ref/occ/cl/ZRTargetOnceDay</TokenIdentifier>
			<Abstract type="html"></Abstract>
			<DeclaredIn>ZRModel.h</DeclaredIn>
            
			
			<NodeRef refid="27"/>
		</Token>
		
		
		<Token>
			<TokenIdentifier>//apple_ref/occ/instm/ZRTargetOnceDay/setStepOnceDay:</TokenIdentifier>
			<Abstract type="html">The number of single day goal in step.</Abstract>
			<DeclaredIn>ZRModel.h</DeclaredIn>
			
			<Declaration>@property (nonatomic, assign) NSUInteger stepOnceDay</Declaration>
			
			
			<Anchor>//api/name/stepOnceDay</Anchor>
            <NodeRef refid="27"/>
		</Token>
		
		<Token>
			<TokenIdentifier>//apple_ref/occ/instm/ZRTargetOnceDay/stepOnceDay</TokenIdentifier>
			<Abstract type="html">The number of single day goal in step.</Abstract>
			<DeclaredIn>ZRModel.h</DeclaredIn>
			
			<Declaration>@property (nonatomic, assign) NSUInteger stepOnceDay</Declaration>
			
			
			<Anchor>//api/name/stepOnceDay</Anchor>
            <NodeRef refid="27"/>
		</Token>
		
		<Token>
			<TokenIdentifier>//apple_ref/occ/instp/ZRTargetOnceDay/stepOnceDay</TokenIdentifier>
			<Abstract type="html">The number of single day goal in step.</Abstract>
			<DeclaredIn>ZRModel.h</DeclaredIn>
			
			<Declaration>@property (nonatomic, assign) NSUInteger stepOnceDay</Declaration>
			
			
			<Anchor>//api/name/stepOnceDay</Anchor>
            <NodeRef refid="27"/>
		</Token>
		
		<Token>
			<TokenIdentifier>//apple_ref/occ/instm/ZRTargetOnceDay/setCalorieOnceDay:</TokenIdentifier>
			<Abstract type="html">The number of single day goal in calorie.</Abstract>
			<DeclaredIn>ZRModel.h</DeclaredIn>
			
			<Declaration>@property (nonatomic, assign) NSUInteger calorieOnceDay</Declaration>
			
			
			<Anchor>//api/name/calorieOnceDay</Anchor>
            <NodeRef refid="27"/>
		</Token>
		
		<Token>
			<TokenIdentifier>//apple_ref/occ/instm/ZRTargetOnceDay/calorieOnceDay</TokenIdentifier>
			<Abstract type="html">The number of single day goal in calorie.</Abstract>
			<DeclaredIn>ZRModel.h</DeclaredIn>
			
			<Declaration>@property (nonatomic, assign) NSUInteger calorieOnceDay</Declaration>
			
			
			<Anchor>//api/name/calorieOnceDay</Anchor>
            <NodeRef refid="27"/>
		</Token>
		
		<Token>
			<TokenIdentifier>//apple_ref/occ/instp/ZRTargetOnceDay/calorieOnceDay</TokenIdentifier>
			<Abstract type="html">The number of single day goal in calorie.</Abstract>
			<DeclaredIn>ZRModel.h</DeclaredIn>
			
			<Declaration>@property (nonatomic, assign) NSUInteger calorieOnceDay</Declaration>
			
			
			<Anchor>//api/name/calorieOnceDay</Anchor>
            <NodeRef refid="27"/>
		</Token>
		
        
        
	</File>
</Tokens>