<?xml version="1.0" encoding="UTF-8"?>
<Tokens version="1.0">
	<File path="Constants/ShakeWay.html">
		
		<Token>
			<TokenIdentifier>//apple_ref/c/tdef/ShakeWay</TokenIdentifier>
			<Abstract type="html"></Abstract>
			<DeclaredIn>ZRModel.h</DeclaredIn>
            
			
			<NodeRef refid="49"/>
		</Token>
		
		
        
        <Token>
            <TokenIdentifier>//apple_ref/c/econst/ShakeWayStaccato</TokenIdentifier>
            <Abstract type="html"></Abstract>
            <Declaration>ShakeWayStaccato</Declaration>
            
            <DeclaredIn>ZRModel.h</DeclaredIn>
            
            <NodeRef refid="49"/>
        </Token>
        
        <Token>
            <TokenIdentifier>//apple_ref/c/econst/ShakeWayWave</TokenIdentifier>
            <Abstract type="html"></Abstract>
            <Declaration>ShakeWayWave</Declaration>
            
            <DeclaredIn>ZRModel.h</DeclaredIn>
            
            <NodeRef refid="49"/>
        </Token>
        
        <Token>
            <TokenIdentifier>//apple_ref/c/econst/ShakeWayPitpat</TokenIdentifier>
            <Abstract type="html"></Abstract>
            <Declaration>ShakeWayPitpat</Declaration>
            
            <DeclaredIn>ZRModel.h</DeclaredIn>
            
            <NodeRef refid="49"/>
        </Token>
        
        <Token>
            <TokenIdentifier>//apple_ref/c/econst/ShakeWayRadiate</TokenIdentifier>
            <Abstract type="html"></Abstract>
            <Declaration>ShakeWayRadiate</Declaration>
            
            <DeclaredIn>ZRModel.h</DeclaredIn>
            
            <NodeRef refid="49"/>
        </Token>
        
        <Token>
            <TokenIdentifier>//apple_ref/c/econst/ShakeWayLight</TokenIdentifier>
            <Abstract type="html"></Abstract>
            <Declaration>ShakeWayLight</Declaration>
            
            <DeclaredIn>ZRModel.h</DeclaredIn>
            
            <NodeRef refid="49"/>
        </Token>
        
        <Token>
            <TokenIdentifier>//apple_ref/c/econst/ShakeWaySymphony</TokenIdentifier>
            <Abstract type="html"></Abstract>
            <Declaration>ShakeWaySymphony</Declaration>
            
            <DeclaredIn>ZRModel.h</DeclaredIn>
            
            <NodeRef refid="49"/>
        </Token>
        
        <Token>
            <TokenIdentifier>//apple_ref/c/econst/ShakeWayRapid</TokenIdentifier>
            <Abstract type="html"></Abstract>
            <Declaration>ShakeWayRapid</Declaration>
            
            <DeclaredIn>ZRModel.h</DeclaredIn>
            
            <NodeRef refid="49"/>
        </Token>
        
        
	</File>
</Tokens>