<?xml version="1.0" encoding="UTF-8"?>
<Tokens version="1.0">
	<File path="Classes/ZRECGModel.html">
		
		<Token>
			<TokenIdentifier>//apple_ref/occ/cl/ZRECGModel</TokenIdentifier>
			<Abstract type="html">ECG Data</Abstract>
			<DeclaredIn>ZRHealthData.h</DeclaredIn>
            
			
			<NodeRef refid="14"/>
		</Token>
		
		
		<Token>
			<TokenIdentifier>//apple_ref/occ/instm/ZRECGModel/setJsonData:</TokenIdentifier>
			<Abstract type="html">! Json String</Abstract>
			<DeclaredIn>ZRHealthData.h</DeclaredIn>
			
			<Declaration>@property (nonatomic, copy) NSString *jsonData</Declaration>
			
			
			<Anchor>//api/name/jsonData</Anchor>
            <NodeRef refid="14"/>
		</Token>
		
		<Token>
			<TokenIdentifier>//apple_ref/occ/instm/ZRECGModel/jsonData</TokenIdentifier>
			<Abstract type="html">! Json String</Abstract>
			<DeclaredIn>ZRHealthData.h</DeclaredIn>
			
			<Declaration>@property (nonatomic, copy) NSString *jsonData</Declaration>
			
			
			<Anchor>//api/name/jsonData</Anchor>
            <NodeRef refid="14"/>
		</Token>
		
		<Token>
			<TokenIdentifier>//apple_ref/occ/instp/ZRECGModel/jsonData</TokenIdentifier>
			<Abstract type="html">! Json String</Abstract>
			<DeclaredIn>ZRHealthData.h</DeclaredIn>
			
			<Declaration>@property (nonatomic, copy) NSString *jsonData</Declaration>
			
			
			<Anchor>//api/name/jsonData</Anchor>
            <NodeRef refid="14"/>
		</Token>
		
        
        
	</File>
</Tokens>