<?xml version="1.0" encoding="UTF-8"?>
<Tokens version="1.0">
	<File path="Protocols/BleDiscoverDelegate.html">
		
		<Token>
			<TokenIdentifier>//apple_ref/occ/intf/BleDiscoverDelegate</TokenIdentifier>
			<Abstract type="html">DicoverDeleagte，Response delegate methods in discover device.</Abstract>
			<DeclaredIn>BLEquinox.h</DeclaredIn>
            
			
			<NodeRef refid="37"/>
		</Token>
		
		
		<Token>
			<TokenIdentifier>//apple_ref/occ/intfm/BleDiscoverDelegate/solsticeDidDiscoverDeviceWithMAC:</TokenIdentifier>
			<Abstract type="html">* This method is invoked while scanning</Abstract>
			<DeclaredIn>BLEquinox.h</DeclaredIn>
			
			<Declaration>- (void)solsticeDidDiscoverDeviceWithMAC:(ZRBlePeripheral *)iwDevice</Declaration>
			<Parameters>
				<Parameter>
					<Name>iwDevice</Name>
					<Abstract type="html">Instance contain a CBPeripheral object and the device&apos;s MAC address</Abstract>
				</Parameter>
			</Parameters>
			
			<Anchor>//api/name/solsticeDidDiscoverDeviceWithMAC:</Anchor>
            <NodeRef refid="37"/>
		</Token>
		
		<Token>
			<TokenIdentifier>//apple_ref/occ/intfm/BleDiscoverDelegate/solsticeStopScan</TokenIdentifier>
			<Abstract type="html">Search stopped</Abstract>
			<DeclaredIn>BLEquinox.h</DeclaredIn>
			
			<Declaration>- (void)solsticeStopScan</Declaration>
			
			
			<Anchor>//api/name/solsticeStopScan</Anchor>
            <NodeRef refid="37"/>
		</Token>
		
        
        
	</File>
</Tokens>