<?xml version="1.0" encoding="UTF-8"?>
<Tokens version="1.0">
	<File path="Classes/ZRCOption.html">
		
		<Token>
			<TokenIdentifier>//apple_ref/occ/cl/ZRCOption</TokenIdentifier>
			<Abstract type="html"></Abstract>
			<DeclaredIn>ZRModel.h</DeclaredIn>
            
			
			<NodeRef refid="9"/>
		</Token>
		
		
		<Token>
			<TokenIdentifier>//apple_ref/occ/instm/ZRCOption/setFindPhoneSwitch:</TokenIdentifier>
			<Abstract type="html">0-close ,1-open ,
default -1 type not setting.</Abstract>
			<DeclaredIn>ZRModel.h</DeclaredIn>
			
			<Declaration>@property (nonatomic, assign) NSInteger findPhoneSwitch</Declaration>
			
			
			<Anchor>//api/name/findPhoneSwitch</Anchor>
            <NodeRef refid="9"/>
		</Token>
		
		<Token>
			<TokenIdentifier>//apple_ref/occ/instm/ZRCOption/findPhoneSwitch</TokenIdentifier>
			<Abstract type="html">0-close ,1-open ,
default -1 type not setting.</Abstract>
			<DeclaredIn>ZRModel.h</DeclaredIn>
			
			<Declaration>@property (nonatomic, assign) NSInteger findPhoneSwitch</Declaration>
			
			
			<Anchor>//api/name/findPhoneSwitch</Anchor>
            <NodeRef refid="9"/>
		</Token>
		
		<Token>
			<TokenIdentifier>//apple_ref/occ/instp/ZRCOption/findPhoneSwitch</TokenIdentifier>
			<Abstract type="html">0-close ,1-open ,
default -1 type not setting.</Abstract>
			<DeclaredIn>ZRModel.h</DeclaredIn>
			
			<Declaration>@property (nonatomic, assign) NSInteger findPhoneSwitch</Declaration>
			
			
			<Anchor>//api/name/findPhoneSwitch</Anchor>
            <NodeRef refid="9"/>
		</Token>
		
		<Token>
			<TokenIdentifier>//apple_ref/occ/instm/ZRCOption/setWristDelicacy:</TokenIdentifier>
			<Abstract type="html">0-1-2 ; low-normal-high
default -1 type not setting</Abstract>
			<DeclaredIn>ZRModel.h</DeclaredIn>
			
			<Declaration>@property (nonatomic, assign) NSInteger wristDelicacy</Declaration>
			
			
			<Anchor>//api/name/wristDelicacy</Anchor>
            <NodeRef refid="9"/>
		</Token>
		
		<Token>
			<TokenIdentifier>//apple_ref/occ/instm/ZRCOption/wristDelicacy</TokenIdentifier>
			<Abstract type="html">0-1-2 ; low-normal-high
default -1 type not setting</Abstract>
			<DeclaredIn>ZRModel.h</DeclaredIn>
			
			<Declaration>@property (nonatomic, assign) NSInteger wristDelicacy</Declaration>
			
			
			<Anchor>//api/name/wristDelicacy</Anchor>
            <NodeRef refid="9"/>
		</Token>
		
		<Token>
			<TokenIdentifier>//apple_ref/occ/instp/ZRCOption/wristDelicacy</TokenIdentifier>
			<Abstract type="html">0-1-2 ; low-normal-high
default -1 type not setting</Abstract>
			<DeclaredIn>ZRModel.h</DeclaredIn>
			
			<Declaration>@property (nonatomic, assign) NSInteger wristDelicacy</Declaration>
			
			
			<Anchor>//api/name/wristDelicacy</Anchor>
            <NodeRef refid="9"/>
		</Token>
		
		<Token>
			<TokenIdentifier>//apple_ref/occ/instm/ZRCOption/setReadSleepData:</TokenIdentifier>
			<Abstract type="html">0-1 ; NO-YES
default -1 type not setting</Abstract>
			<DeclaredIn>ZRModel.h</DeclaredIn>
			
			<Declaration>@property (nonatomic, assign) NSInteger readSleepData</Declaration>
			
			
			<Anchor>//api/name/readSleepData</Anchor>
            <NodeRef refid="9"/>
		</Token>
		
		<Token>
			<TokenIdentifier>//apple_ref/occ/instm/ZRCOption/readSleepData</TokenIdentifier>
			<Abstract type="html">0-1 ; NO-YES
default -1 type not setting</Abstract>
			<DeclaredIn>ZRModel.h</DeclaredIn>
			
			<Declaration>@property (nonatomic, assign) NSInteger readSleepData</Declaration>
			
			
			<Anchor>//api/name/readSleepData</Anchor>
            <NodeRef refid="9"/>
		</Token>
		
		<Token>
			<TokenIdentifier>//apple_ref/occ/instp/ZRCOption/readSleepData</TokenIdentifier>
			<Abstract type="html">0-1 ; NO-YES
default -1 type not setting</Abstract>
			<DeclaredIn>ZRModel.h</DeclaredIn>
			
			<Declaration>@property (nonatomic, assign) NSInteger readSleepData</Declaration>
			
			
			<Anchor>//api/name/readSleepData</Anchor>
            <NodeRef refid="9"/>
		</Token>
		
        
        
	</File>
</Tokens>