<?xml version="1.0" encoding="UTF-8"?>
<Tokens version="1.0">
	<File path="Protocols/BLEquinox.html">
		
		<Token>
			<TokenIdentifier>//apple_ref/occ/intf/BLEquinox</TokenIdentifier>
			<Abstract type="html">Common protocol methods handle hub and perimeter communications</Abstract>
			<DeclaredIn>BLEquinox.h</DeclaredIn>
            
			
			<NodeRef refid="35"/>
		</Token>
		
		
		<Token>
			<TokenIdentifier>//apple_ref/occ/intfm/BLEquinox/readRequiredInfoAfterConnect</TokenIdentifier>
			<Abstract type="html">* After the connection is established, the SDK needs some basic setup, which takes a few seconds. After this, will call back this method, you might need read some infomation in device ,You are advised to call some methods here, like @CODE{readDeviceInfo} @CODE{readDeviceBattery}. Or do device setting in method @CODE{setBLEParameterAfterConnect}
   In &lt;BLEProtocol_colorful&gt; device ,these methods would not be invoked when you had implement method responseOfConnectStatus:</Abstract>
			<DeclaredIn>BLEquinox.h</DeclaredIn>
			
			<Declaration>- (void)readRequiredInfoAfterConnect</Declaration>
			
			
			<Anchor>//api/name/readRequiredInfoAfterConnect</Anchor>
            <NodeRef refid="35"/>
		</Token>
		
		<Token>
			<TokenIdentifier>//apple_ref/occ/intfm/BLEquinox/setBLEParameterAfterConnect</TokenIdentifier>
			<Abstract type="html">I suggest you here to complete the need for other operations.</Abstract>
			<DeclaredIn>BLEquinox.h</DeclaredIn>
			
			<Declaration>- (void)setBLEParameterAfterConnect</Declaration>
			
			
			<Anchor>//api/name/setBLEParameterAfterConnect</Anchor>
            <NodeRef refid="35"/>
		</Token>
		
		<Token>
			<TokenIdentifier>//apple_ref/occ/intfm/BLEquinox/didConnectProtocolNum2_0</TokenIdentifier>
			<Abstract type="html">This method would be invoked when the app connected a device who is supportted by protocol2_0
当前手环是2.0协议的手环是调用这个方法。</Abstract>
			<DeclaredIn>BLEquinox.h</DeclaredIn>
			
			<Declaration>- (void)didConnectProtocolNum2_0</Declaration>
			
			
			<Anchor>//api/name/didConnectProtocolNum2_0</Anchor>
            <NodeRef refid="35"/>
		</Token>
		
		<Token>
			<TokenIdentifier>//apple_ref/occ/intfm/BLEquinox/responseOfConnectStateError</TokenIdentifier>
			<Abstract type="html">The connection status is abnormal, it usually does not happen. If it appears, restart the Bluetooth and device.
Used for &lt;BLEProtocol_colorful&gt; device.
连接状态异常，通常不会发生，如有出现，请重启蓝牙和设备。</Abstract>
			<DeclaredIn>BLEquinox.h</DeclaredIn>
			
			<Declaration>- (void)responseOfConnectStateError</Declaration>
			
			
			<Anchor>//api/name/responseOfConnectStateError</Anchor>
            <NodeRef refid="35"/>
		</Token>
		
		<Token>
			<TokenIdentifier>//apple_ref/occ/intfm/BLEquinox/bleLogPath</TokenIdentifier>
			<Abstract type="html">* 声明：蓝牙日志的解读需要ZR蓝牙协议的文档，如果你没有阅读文档的权限，身边也没有可以阅读此文档的人，那么写日志对你来说不是必要的。
* 传一个地址，如果你需要蓝牙的日志的话，最好是txt格式的。
* Return a file path for BLE log, you are expected return a file path type txt. like this
* @code
NSString *documentsPath =[NSString stringWithFormat:@&quot;%@/Documents&quot;, NSHomeDirectory()];
NSString *testPath = [documentsPath stringByAppendingPathComponent:@&quot;BLE.txt&quot;];
return testPath;
    @endcode</Abstract>
			<DeclaredIn>BLEquinox.h</DeclaredIn>
			
			<Declaration>- (NSString *)bleLogPath</Declaration>
			
			
			<Anchor>//api/name/bleLogPath</Anchor>
            <NodeRef refid="35"/>
		</Token>
		
		<Token>
			<TokenIdentifier>//apple_ref/occ/intfm/BLEquinox/responseKeyNotify:</TokenIdentifier>
			<Abstract type="html">* Description: APP initiative call setKeyNotify: 1, let the bracelet into the camera mode, camera button appears on the ring,
Press the button or click the button The bracelet SDK will notify the App through notifyToTakePicture photo.
Note: setKeyNotify into App mode after setting 1. Exit the camera interface to set 0
Need to do photo protection, take pictures before saving is complete Do not open the second photo.
Description: Long press the ring button or click the touch screen to select the phone button, the ring SDK will notify App via notifyToSearchPhone, the ring needs to find the phone.
 * Next App can play music or other operation to find the phone</Abstract>
			<DeclaredIn>BLEquinox.h</DeclaredIn>
			
			<Declaration>- (void)responseKeyNotify:(BKeyNotify)bkn</Declaration>
			<Parameters>
				<Parameter>
					<Name>bkn</Name>
					<Abstract type="html">Operation events type</Abstract>
				</Parameter>
			</Parameters>
			
			<Anchor>//api/name/responseKeyNotify:</Anchor>
            <NodeRef refid="35"/>
		</Token>
		
		<Token>
			<TokenIdentifier>//apple_ref/occ/intfm/BLEquinox/readResponseFromDevice:</TokenIdentifier>
			<Abstract type="html">Most read status operations will be returned in this method, including device information, device power and so on.
Distinguished by the type of BLECmdResponse.</Abstract>
			<DeclaredIn>BLEquinox.h</DeclaredIn>
			
			<Declaration>- (void)readResponseFromDevice:(ZRReadResponse *)response</Declaration>
			<Parameters>
				<Parameter>
					<Name>response</Name>
					<Abstract type="html">@{&quot;type&quot; : BLECmdResponse,&quot;data&quot; : id}</Abstract>
				</Parameter>
			</Parameters>
			
			<Anchor>//api/name/readResponseFromDevice:</Anchor>
            <NodeRef refid="35"/>
		</Token>
		
		<Token>
			<TokenIdentifier>//apple_ref/occ/intfm/BLEquinox/syscDataFinishedStateChange:</TokenIdentifier>
			<Abstract type="html">Method would be invoked when syscData state changed</Abstract>
			<DeclaredIn>BLEquinox.h</DeclaredIn>
			
			<Declaration>- (void)syscDataFinishedStateChange:(KSyscDataState)ksdState</Declaration>
			<Parameters>
				<Parameter>
					<Name>ksdState</Name>
					<Abstract type="html">type means sysc finished process.</Abstract>
				</Parameter>
			</Parameters>
			
			<Anchor>//api/name/syscDataFinishedStateChange:</Anchor>
            <NodeRef refid="35"/>
		</Token>
		
		<Token>
			<TokenIdentifier>//apple_ref/occ/intfm/BLEquinox/updateNormalHealthDataInfo:</TokenIdentifier>
			<Abstract type="html">Return data information</Abstract>
			<DeclaredIn>BLEquinox.h</DeclaredIn>
			
			<Declaration>- (void)updateNormalHealthDataInfo:(ZRDataInfo *)zrDInfo</Declaration>
			<Parameters>
				<Parameter>
					<Name>zrDInfo</Name>
					<Abstract type="html">Contain dataType,date,seqStart,seqEnd and more.</Abstract>
				</Parameter>
			</Parameters>
			
			<Anchor>//api/name/updateNormalHealthDataInfo:</Anchor>
            <NodeRef refid="35"/>
		</Token>
		
		<Token>
			<TokenIdentifier>//apple_ref/occ/intfm/BLEquinox/updateNormalHealthData:</TokenIdentifier>
			<Abstract type="html">Return data.</Abstract>
			<DeclaredIn>BLEquinox.h</DeclaredIn>
			
			<Declaration>- (void)updateNormalHealthData:(ZRHealthData *)zrhData</Declaration>
			<Parameters>
				<Parameter>
					<Name>zrhData</Name>
					<Abstract type="html">See more in ZRHealthData.h</Abstract>
				</Parameter>
			</Parameters>
			
			<Anchor>//api/name/updateNormalHealthData:</Anchor>
            <NodeRef refid="35"/>
		</Token>
		
		<Token>
			<TokenIdentifier>//apple_ref/occ/intfm/BLEquinox/debindFromBraceletSuccessful</TokenIdentifier>
			<Abstract type="html">! Successfully disconnected, you can call the unbinding method here.&lt;##&gt;</Abstract>
			<DeclaredIn>BLEquinox.h</DeclaredIn>
			
			<Declaration>- (void)debindFromBraceletSuccessful</Declaration>
			
			
			<Anchor>//api/name/debindFromBraceletSuccessful</Anchor>
            <NodeRef refid="35"/>
		</Token>
		
		<Token>
			<TokenIdentifier>//apple_ref/occ/intfm/BLEquinox/responseOfConnectStatus:</TokenIdentifier>
			<Abstract type="html">This method can get the connection status, when isReady == YES indicates that the communication is established, otherwise most of the business communication is not available. The SDK has its own RCC(Rotation Check Communication) method to set the connection status. You can also control it yourself by implementing this method and the two command methods setBleConnectStatus &amp;amp;&amp;amp; getConnectionStatus.
RCC(轮询检查通信) refers to the SDK after looping through reading and writing to get the correct connection status and handle some basic operations. In case of opening RCC, the interface method of SDK is readRequiredInfoAfterConnect &amp;amp;&amp;amp; setBLEParameterAfterConnect. Or SDK would not invoke these two method ,interface instead by this method.
After you have implemented this method, the SDK&apos;s RCC will not work.</Abstract>
			<DeclaredIn>BLEquinox.h</DeclaredIn>
			
			<Declaration>- (void)responseOfConnectStatus:(BOOL)isReady</Declaration>
			<Parameters>
				<Parameter>
					<Name>isReady</Name>
					<Abstract type="html">YES means communication is OK, or you need call setBleConnectStatus to let device in ready.</Abstract>
				</Parameter>
			</Parameters>
			
			<Anchor>//api/name/responseOfConnectStatus:</Anchor>
            <NodeRef refid="35"/>
		</Token>
		
		<Token>
			<TokenIdentifier>//apple_ref/occ/intfm/BLEquinox/responseOfGetDataTimeOutWithDataType:</TokenIdentifier>
			<Abstract type="html">当获取8900、8901、8902、8903、8904类型的数据的时候，写指令发出后，没有收到手环传回的数据，就会调取这个回调；
app可以根据这个回调方法，在方法内部给同步进度的progress做虚拟值赋值处理；</Abstract>
			<DeclaredIn>BLEquinox.h</DeclaredIn>
			
			<Declaration>- (void)responseOfGetDataTimeOutWithDataType:(NSInteger)type</Declaration>
			<Parameters>
				<Parameter>
					<Name>type</Name>
					<Abstract type="html">8900、8901、8902、8903、8904</Abstract>
				</Parameter>
			</Parameters>
			
			<Anchor>//api/name/responseOfGetDataTimeOutWithDataType:</Anchor>
            <NodeRef refid="35"/>
		</Token>
		
		<Token>
			<TokenIdentifier>//apple_ref/occ/intfm/BLEquinox/responseOfMTKBtNotifyData:</TokenIdentifier>
			<Abstract type="html">Transparent method, used with BtNotify. &lt;BLEProtocol_watch&gt; support</Abstract>
			<DeclaredIn>BLEquinox.h</DeclaredIn>
			
			<Declaration>- (void)responseOfMTKBtNotifyData:(CBCharacteristic *)cbc</Declaration>
			<Parameters>
				<Parameter>
					<Name>cbc</Name>
					<Abstract type="html">CBCharacteristic object</Abstract>
				</Parameter>
			</Parameters>
			
			<Anchor>//api/name/responseOfMTKBtNotifyData:</Anchor>
            <NodeRef refid="35"/>
		</Token>
		
		<Token>
			<TokenIdentifier>//apple_ref/occ/intfm/BLEquinox/responseOfMTKBtWriteData:</TokenIdentifier>
			<Abstract type="html">! Simlar to responseOfMTKBtNotifyData:</Abstract>
			<DeclaredIn>BLEquinox.h</DeclaredIn>
			
			<Declaration>- (void)responseOfMTKBtWriteData:(CBCharacteristic *)cbc</Declaration>
			
			
			<Anchor>//api/name/responseOfMTKBtWriteData:</Anchor>
            <NodeRef refid="35"/>
		</Token>
		
        
        
	</File>
</Tokens>