<?xml version="1.0" encoding="UTF-8"?>
<Tokens version="1.0">
	<File path="Classes/ZRBlePeripheral.html">
		
		<Token>
			<TokenIdentifier>//apple_ref/occ/cl/ZRBlePeripheral</TokenIdentifier>
			<Abstract type="html"></Abstract>
			<DeclaredIn>ZRBlePeripheral.h</DeclaredIn>
            
			
			<NodeRef refid="8"/>
		</Token>
		
		
		<Token>
			<TokenIdentifier>//apple_ref/occ/instm/ZRBlePeripheral/setCbDevice:</TokenIdentifier>
			<Abstract type="html">The CBPeripheral object provided by CoreBluetooth Framework.</Abstract>
			<DeclaredIn>ZRBlePeripheral.h</DeclaredIn>
			
			<Declaration>@property (nonatomic, strong) CBPeripheral *cbDevice</Declaration>
			
			
			<Anchor>//api/name/cbDevice</Anchor>
            <NodeRef refid="8"/>
		</Token>
		
		<Token>
			<TokenIdentifier>//apple_ref/occ/instm/ZRBlePeripheral/cbDevice</TokenIdentifier>
			<Abstract type="html">The CBPeripheral object provided by CoreBluetooth Framework.</Abstract>
			<DeclaredIn>ZRBlePeripheral.h</DeclaredIn>
			
			<Declaration>@property (nonatomic, strong) CBPeripheral *cbDevice</Declaration>
			
			
			<Anchor>//api/name/cbDevice</Anchor>
            <NodeRef refid="8"/>
		</Token>
		
		<Token>
			<TokenIdentifier>//apple_ref/occ/instp/ZRBlePeripheral/cbDevice</TokenIdentifier>
			<Abstract type="html">The CBPeripheral object provided by CoreBluetooth Framework.</Abstract>
			<DeclaredIn>ZRBlePeripheral.h</DeclaredIn>
			
			<Declaration>@property (nonatomic, strong) CBPeripheral *cbDevice</Declaration>
			
			
			<Anchor>//api/name/cbDevice</Anchor>
            <NodeRef refid="8"/>
		</Token>
		
		<Token>
			<TokenIdentifier>//apple_ref/occ/instm/ZRBlePeripheral/setMediaAC:</TokenIdentifier>
			<Abstract type="html">The device&apos;s MAC address</Abstract>
			<DeclaredIn>ZRBlePeripheral.h</DeclaredIn>
			
			<Declaration>@property (nonatomic, strong) NSString *mediaAC</Declaration>
			
			
			<Anchor>//api/name/mediaAC</Anchor>
            <NodeRef refid="8"/>
		</Token>
		
		<Token>
			<TokenIdentifier>//apple_ref/occ/instm/ZRBlePeripheral/mediaAC</TokenIdentifier>
			<Abstract type="html">The device&apos;s MAC address</Abstract>
			<DeclaredIn>ZRBlePeripheral.h</DeclaredIn>
			
			<Declaration>@property (nonatomic, strong) NSString *mediaAC</Declaration>
			
			
			<Anchor>//api/name/mediaAC</Anchor>
            <NodeRef refid="8"/>
		</Token>
		
		<Token>
			<TokenIdentifier>//apple_ref/occ/instp/ZRBlePeripheral/mediaAC</TokenIdentifier>
			<Abstract type="html">The device&apos;s MAC address</Abstract>
			<DeclaredIn>ZRBlePeripheral.h</DeclaredIn>
			
			<Declaration>@property (nonatomic, strong) NSString *mediaAC</Declaration>
			
			
			<Anchor>//api/name/mediaAC</Anchor>
            <NodeRef refid="8"/>
		</Token>
		
		<Token>
			<TokenIdentifier>//apple_ref/occ/instm/ZRBlePeripheral/setRSSI:</TokenIdentifier>
			<Abstract type="html">Received Signal Strength Indicator
接收信号强度指示器</Abstract>
			<DeclaredIn>ZRBlePeripheral.h</DeclaredIn>
			
			<Declaration>@property (nonatomic, strong) NSNumber *RSSI</Declaration>
			
			
			<Anchor>//api/name/RSSI</Anchor>
            <NodeRef refid="8"/>
		</Token>
		
		<Token>
			<TokenIdentifier>//apple_ref/occ/instm/ZRBlePeripheral/RSSI</TokenIdentifier>
			<Abstract type="html">Received Signal Strength Indicator
接收信号强度指示器</Abstract>
			<DeclaredIn>ZRBlePeripheral.h</DeclaredIn>
			
			<Declaration>@property (nonatomic, strong) NSNumber *RSSI</Declaration>
			
			
			<Anchor>//api/name/RSSI</Anchor>
            <NodeRef refid="8"/>
		</Token>
		
		<Token>
			<TokenIdentifier>//apple_ref/occ/instp/ZRBlePeripheral/RSSI</TokenIdentifier>
			<Abstract type="html">Received Signal Strength Indicator
接收信号强度指示器</Abstract>
			<DeclaredIn>ZRBlePeripheral.h</DeclaredIn>
			
			<Declaration>@property (nonatomic, strong) NSNumber *RSSI</Declaration>
			
			
			<Anchor>//api/name/RSSI</Anchor>
            <NodeRef refid="8"/>
		</Token>
		
        
        
	</File>
</Tokens>