<?xml version="1.0" encoding="UTF-8"?>
<Tokens version="1.0">
	<File path="Classes/ZRDNDModel.html">
		
		<Token>
			<TokenIdentifier>//apple_ref/occ/cl/ZRDNDModel</TokenIdentifier>
			<Abstract type="html"></Abstract>
			<DeclaredIn>ZRModel.h</DeclaredIn>
            
			
			<NodeRef refid="12"/>
		</Token>
		
		
		<Token>
			<TokenIdentifier>//apple_ref/occ/instm/ZRDNDModel/setDndType:</TokenIdentifier>
			<Abstract type="html">When dndtype == DNDTypeNull, mean this smartBand has not set dnd model; you can also set dndType = 0 to close dnd model</Abstract>
			<DeclaredIn>ZRModel.h</DeclaredIn>
			
			<Declaration>@property (nonatomic, assign) NSInteger dndType</Declaration>
			
			
			<Anchor>//api/name/dndType</Anchor>
            <NodeRef refid="12"/>
		</Token>
		
		<Token>
			<TokenIdentifier>//apple_ref/occ/instm/ZRDNDModel/dndType</TokenIdentifier>
			<Abstract type="html">When dndtype == DNDTypeNull, mean this smartBand has not set dnd model; you can also set dndType = 0 to close dnd model</Abstract>
			<DeclaredIn>ZRModel.h</DeclaredIn>
			
			<Declaration>@property (nonatomic, assign) NSInteger dndType</Declaration>
			
			
			<Anchor>//api/name/dndType</Anchor>
            <NodeRef refid="12"/>
		</Token>
		
		<Token>
			<TokenIdentifier>//apple_ref/occ/instp/ZRDNDModel/dndType</TokenIdentifier>
			<Abstract type="html">When dndtype == DNDTypeNull, mean this smartBand has not set dnd model; you can also set dndType = 0 to close dnd model</Abstract>
			<DeclaredIn>ZRModel.h</DeclaredIn>
			
			<Declaration>@property (nonatomic, assign) NSInteger dndType</Declaration>
			
			
			<Anchor>//api/name/dndType</Anchor>
            <NodeRef refid="12"/>
		</Token>
		
        
        
	</File>
</Tokens>