<?xml version="1.0" encoding="UTF-8"?>
<Tokens version="1.0">
	<File path="Classes/ZRClock.html">
		
		<Token>
			<TokenIdentifier>//apple_ref/occ/cl/ZRClock</TokenIdentifier>
			<Abstract type="html"></Abstract>
			<DeclaredIn>ZRModel.h</DeclaredIn>
            
			
			<NodeRef refid="10"/>
		</Token>
		
		
		<Token>
			<TokenIdentifier>//apple_ref/occ/instm/ZRClock/setClockId:</TokenIdentifier>
			<Abstract type="html">Index of clock .Most device valiable range is 0～3, special device valiable range is 0～7</Abstract>
			<DeclaredIn>ZRModel.h</DeclaredIn>
			
			<Declaration>@property (nonatomic, assign) NSUInteger clockId</Declaration>
			
			
			<Anchor>//api/name/clockId</Anchor>
            <NodeRef refid="10"/>
		</Token>
		
		<Token>
			<TokenIdentifier>//apple_ref/occ/instm/ZRClock/clockId</TokenIdentifier>
			<Abstract type="html">Index of clock .Most device valiable range is 0～3, special device valiable range is 0～7</Abstract>
			<DeclaredIn>ZRModel.h</DeclaredIn>
			
			<Declaration>@property (nonatomic, assign) NSUInteger clockId</Declaration>
			
			
			<Anchor>//api/name/clockId</Anchor>
            <NodeRef refid="10"/>
		</Token>
		
		<Token>
			<TokenIdentifier>//apple_ref/occ/instp/ZRClock/clockId</TokenIdentifier>
			<Abstract type="html">Index of clock .Most device valiable range is 0～3, special device valiable range is 0～7</Abstract>
			<DeclaredIn>ZRModel.h</DeclaredIn>
			
			<Declaration>@property (nonatomic, assign) NSUInteger clockId</Declaration>
			
			
			<Anchor>//api/name/clockId</Anchor>
            <NodeRef refid="10"/>
		</Token>
		
		<Token>
			<TokenIdentifier>//apple_ref/occ/instm/ZRClock/setWeekRepeat:</TokenIdentifier>
			<Abstract type="html">Description: Use a Byte number identify repeat day ,recycle by a week .Detail of every byte as follows ,use b7~b1 declared :
b7:Valid mark, b6:Satueday, b5:Friday, b4:Thursday, b3:Wednesday, b2:Tuesday, b1:Monday, b0:Sunday
1 means on ,0 indicate off .</Abstract>
			<DeclaredIn>ZRModel.h</DeclaredIn>
			
			<Declaration>@property (nonatomic, assign) NSUInteger weekRepeat</Declaration>
			
			
			<Anchor>//api/name/weekRepeat</Anchor>
            <NodeRef refid="10"/>
		</Token>
		
		<Token>
			<TokenIdentifier>//apple_ref/occ/instm/ZRClock/weekRepeat</TokenIdentifier>
			<Abstract type="html">Description: Use a Byte number identify repeat day ,recycle by a week .Detail of every byte as follows ,use b7~b1 declared :
b7:Valid mark, b6:Satueday, b5:Friday, b4:Thursday, b3:Wednesday, b2:Tuesday, b1:Monday, b0:Sunday
1 means on ,0 indicate off .</Abstract>
			<DeclaredIn>ZRModel.h</DeclaredIn>
			
			<Declaration>@property (nonatomic, assign) NSUInteger weekRepeat</Declaration>
			
			
			<Anchor>//api/name/weekRepeat</Anchor>
            <NodeRef refid="10"/>
		</Token>
		
		<Token>
			<TokenIdentifier>//apple_ref/occ/instp/ZRClock/weekRepeat</TokenIdentifier>
			<Abstract type="html">Description: Use a Byte number identify repeat day ,recycle by a week .Detail of every byte as follows ,use b7~b1 declared :
b7:Valid mark, b6:Satueday, b5:Friday, b4:Thursday, b3:Wednesday, b2:Tuesday, b1:Monday, b0:Sunday
1 means on ,0 indicate off .</Abstract>
			<DeclaredIn>ZRModel.h</DeclaredIn>
			
			<Declaration>@property (nonatomic, assign) NSUInteger weekRepeat</Declaration>
			
			
			<Anchor>//api/name/weekRepeat</Anchor>
            <NodeRef refid="10"/>
		</Token>
		
		<Token>
			<TokenIdentifier>//apple_ref/occ/instm/ZRClock/setClockRingSetting:</TokenIdentifier>
			<Abstract type="html">RingSetting</Abstract>
			<DeclaredIn>ZRModel.h</DeclaredIn>
			
			<Declaration>@property (nonatomic, assign) NSUInteger clockRingSetting</Declaration>
			
			
			<Anchor>//api/name/clockRingSetting</Anchor>
            <NodeRef refid="10"/>
		</Token>
		
		<Token>
			<TokenIdentifier>//apple_ref/occ/instm/ZRClock/clockRingSetting</TokenIdentifier>
			<Abstract type="html">RingSetting</Abstract>
			<DeclaredIn>ZRModel.h</DeclaredIn>
			
			<Declaration>@property (nonatomic, assign) NSUInteger clockRingSetting</Declaration>
			
			
			<Anchor>//api/name/clockRingSetting</Anchor>
            <NodeRef refid="10"/>
		</Token>
		
		<Token>
			<TokenIdentifier>//apple_ref/occ/instp/ZRClock/clockRingSetting</TokenIdentifier>
			<Abstract type="html">RingSetting</Abstract>
			<DeclaredIn>ZRModel.h</DeclaredIn>
			
			<Declaration>@property (nonatomic, assign) NSUInteger clockRingSetting</Declaration>
			
			
			<Anchor>//api/name/clockRingSetting</Anchor>
            <NodeRef refid="10"/>
		</Token>
		
        
        
	</File>
</Tokens>