<?xml version="1.0" encoding="UTF-8"?>
<Tokens version="1.0">
	<File path="Classes/ZRAction.html">
		
		<Token>
			<TokenIdentifier>//apple_ref/occ/cl/ZRAction</TokenIdentifier>
			<Abstract type="html"></Abstract>
			<DeclaredIn>ZRModel.h</DeclaredIn>
            
			
			<NodeRef refid="7"/>
		</Token>
		
		
		<Token>
			<TokenIdentifier>//apple_ref/occ/instm/ZRAction/setSwitchCtrl:</TokenIdentifier>
			<Abstract type="html">! Function enable 0 means off, 1 means on</Abstract>
			<DeclaredIn>ZRModel.h</DeclaredIn>
			
			<Declaration>@property (nonatomic, assign) NSInteger switchCtrl</Declaration>
			
			
			<Anchor>//api/name/switchCtrl</Anchor>
            <NodeRef refid="7"/>
		</Token>
		
		<Token>
			<TokenIdentifier>//apple_ref/occ/instm/ZRAction/switchCtrl</TokenIdentifier>
			<Abstract type="html">! Function enable 0 means off, 1 means on</Abstract>
			<DeclaredIn>ZRModel.h</DeclaredIn>
			
			<Declaration>@property (nonatomic, assign) NSInteger switchCtrl</Declaration>
			
			
			<Anchor>//api/name/switchCtrl</Anchor>
            <NodeRef refid="7"/>
		</Token>
		
		<Token>
			<TokenIdentifier>//apple_ref/occ/instp/ZRAction/switchCtrl</TokenIdentifier>
			<Abstract type="html">! Function enable 0 means off, 1 means on</Abstract>
			<DeclaredIn>ZRModel.h</DeclaredIn>
			
			<Declaration>@property (nonatomic, assign) NSInteger switchCtrl</Declaration>
			
			
			<Anchor>//api/name/switchCtrl</Anchor>
            <NodeRef refid="7"/>
		</Token>
		
		<Token>
			<TokenIdentifier>//apple_ref/occ/instm/ZRAction/setSensitivity:</TokenIdentifier>
			<Abstract type="html">! Sensitivity to identify actions (in units of 100, default: 18, ie 1800)</Abstract>
			<DeclaredIn>ZRModel.h</DeclaredIn>
			
			<Declaration>@property (nonatomic, assign) NSInteger sensitivity</Declaration>
			
			
			<Anchor>//api/name/sensitivity</Anchor>
            <NodeRef refid="7"/>
		</Token>
		
		<Token>
			<TokenIdentifier>//apple_ref/occ/instm/ZRAction/sensitivity</TokenIdentifier>
			<Abstract type="html">! Sensitivity to identify actions (in units of 100, default: 18, ie 1800)</Abstract>
			<DeclaredIn>ZRModel.h</DeclaredIn>
			
			<Declaration>@property (nonatomic, assign) NSInteger sensitivity</Declaration>
			
			
			<Anchor>//api/name/sensitivity</Anchor>
            <NodeRef refid="7"/>
		</Token>
		
		<Token>
			<TokenIdentifier>//apple_ref/occ/instp/ZRAction/sensitivity</TokenIdentifier>
			<Abstract type="html">! Sensitivity to identify actions (in units of 100, default: 18, ie 1800)</Abstract>
			<DeclaredIn>ZRModel.h</DeclaredIn>
			
			<Declaration>@property (nonatomic, assign) NSInteger sensitivity</Declaration>
			
			
			<Anchor>//api/name/sensitivity</Anchor>
            <NodeRef refid="7"/>
		</Token>
		
		<Token>
			<TokenIdentifier>//apple_ref/occ/instm/ZRAction/setInterval:</TokenIdentifier>
			<Abstract type="html">! Trigger interval (unit: 0.5 seconds, default: 2, that is, 1s)</Abstract>
			<DeclaredIn>ZRModel.h</DeclaredIn>
			
			<Declaration>@property (nonatomic, assign) NSInteger interval</Declaration>
			
			
			<Anchor>//api/name/interval</Anchor>
            <NodeRef refid="7"/>
		</Token>
		
		<Token>
			<TokenIdentifier>//apple_ref/occ/instm/ZRAction/interval</TokenIdentifier>
			<Abstract type="html">! Trigger interval (unit: 0.5 seconds, default: 2, that is, 1s)</Abstract>
			<DeclaredIn>ZRModel.h</DeclaredIn>
			
			<Declaration>@property (nonatomic, assign) NSInteger interval</Declaration>
			
			
			<Anchor>//api/name/interval</Anchor>
            <NodeRef refid="7"/>
		</Token>
		
		<Token>
			<TokenIdentifier>//apple_ref/occ/instp/ZRAction/interval</TokenIdentifier>
			<Abstract type="html">! Trigger interval (unit: 0.5 seconds, default: 2, that is, 1s)</Abstract>
			<DeclaredIn>ZRModel.h</DeclaredIn>
			
			<Declaration>@property (nonatomic, assign) NSInteger interval</Declaration>
			
			
			<Anchor>//api/name/interval</Anchor>
            <NodeRef refid="7"/>
		</Token>
		
		<Token>
			<TokenIdentifier>//apple_ref/occ/instm/ZRAction/setMotor:</TokenIdentifier>
			<Abstract type="html">! Turn on vibration 1: turn on 0: turn off (default: 0)&lt;##&gt;</Abstract>
			<DeclaredIn>ZRModel.h</DeclaredIn>
			
			<Declaration>@property (nonatomic, assign) NSInteger motor</Declaration>
			
			
			<Anchor>//api/name/motor</Anchor>
            <NodeRef refid="7"/>
		</Token>
		
		<Token>
			<TokenIdentifier>//apple_ref/occ/instm/ZRAction/motor</TokenIdentifier>
			<Abstract type="html">! Turn on vibration 1: turn on 0: turn off (default: 0)&lt;##&gt;</Abstract>
			<DeclaredIn>ZRModel.h</DeclaredIn>
			
			<Declaration>@property (nonatomic, assign) NSInteger motor</Declaration>
			
			
			<Anchor>//api/name/motor</Anchor>
            <NodeRef refid="7"/>
		</Token>
		
		<Token>
			<TokenIdentifier>//apple_ref/occ/instp/ZRAction/motor</TokenIdentifier>
			<Abstract type="html">! Turn on vibration 1: turn on 0: turn off (default: 0)&lt;##&gt;</Abstract>
			<DeclaredIn>ZRModel.h</DeclaredIn>
			
			<Declaration>@property (nonatomic, assign) NSInteger motor</Declaration>
			
			
			<Anchor>//api/name/motor</Anchor>
            <NodeRef refid="7"/>
		</Token>
		
        
        
	</File>
</Tokens>