[{"H":{"x":170,"n":84,"a":106},"T":[0,27],"P":{"d":85,"s":22,"c":6,"t":1},"E":{"a":[32,60,42,2,110]},"Q":2777},{"H":{"x":172,"n":65,"a":118},"T":[0,27],"E":{"a":[33,45,27,0,230]},"Q":2778},{"H":{"x":145,"n":63,"a":96},"T":[0,28],"E":{"a":[21,66,39,0,390]},"Q":2779},{"H":{"x":158,"n":63,"a":92},"T":[0,29],"E":{"a":[6,31,15,0,50]},"Q":2780},{"H":{"x":167,"n":52,"a":87},"T":[0,30],"E":{"a":[10,31,20,0,10]},"Q":2781},{"H":{"x":167,"n":62,"a":79},"T":[0,31],"E":{"a":[7,28,19,0,140]},"Q":2782},{"H":{"x":167,"n":66,"a":84},"T":[0,32],"E":{"a":[5,17,8,0,10]},"Q":2783},{"H":{"x":171,"n":63,"a":81},"T":[0,33],"E":{"a":[2,10,5,0,0]},"Q":2784},{"Q":2785,"H":{"x":150,"n":63,"a":76},"T":[0,34]},{"H":{"x":172,"n":63,"a":91},"T":[0,35],"E":{"a":[2,5,3,0,0]},"Q":2786},{"H":{"x":156,"n":67,"a":84},"T":[0,36],"E":{"a":[5,17,9,0,30]},"Q":2787},{"H":{"x":157,"n":61,"a":77},"T":[0,37],"E":{"a":[2,19,9,0,30]},"Q":2788},{"H":{"x":175,"n":64,"a":102},"T":[0,38],"E":{"a":[2,10,2,0,0]},"Q":2789},{"H":{"x":160,"n":69,"a":99},"T":[0,40],"P":{"d":100,"s":21,"c":6,"t":1},"E":{"a":[38,83,58,0,700]},"Q":2790},{"H":{"x":163,"n":71,"a":97},"T":[0,40],"E":{"a":[27,45,39,0,20]},"Q":2791},{"H":{"x":157,"n":66,"a":92},"T":[0,41],"E":{"a":[12,24,16,0,0]},"Q":2792},{"H":{"x":175,"n":69,"a":100},"T":[0,42],"E":{"a":[8,40,16,0,2010]},"Q":2793},{"H":{"x":140,"n":63,"a":83},"T":[0,43],"E":{"a":[4,26,8,0,20]},"Q":2794},{"H":{"x":122,"n":67,"a":87},"T":[0,44],"E":{"a":[1,5,1,0,0]},"Q":2795},{"H":{"x":102,"n":56,"a":77},"T":[0,45],"E":{"a":[0,1,0,0,0]},"Q":2796},{"H":{"x":132,"n":67,"a":84},"T":[0,46],"E":{"a":[3,20,9,0,500]},"Q":2797},{"H":{"x":139,"n":73,"a":86},"T":[0,47],"E":{"a":[0,3,0,0,0]},"Q":2798},{"H":{"x":164,"n":70,"a":99},"T":[0,48],"E":{"a":[9,15,9,0,20]},"Q":2799},{"H":{"x":159,"n":70,"a":89},"T":[0,49],"E":{"a":[9,34,25,0,50]},"Q":2800},{"H":{"x":173,"n":70,"a":94},"T":[0,51],"P":{"d":104,"s":16,"c":4,"t":1},"E":{"a":[18,36,24,0,60]},"Q":2801},{"H":{"x":138,"n":68,"a":75},"T":[0,51],"E":{"a":[3,8,5,0,0]},"Q":2802},{"Q":2803,"H":{"x":75,"n":70,"a":72},"T":[0,52]},{"Q":2804,"H":{"x":75,"n":66,"a":71},"T":[0,53]},{"Q":2805,"H":{"x":110,"n":48,"a":68},"T":[0,54]},{"H":{"x":72,"n":47,"a":62},"T":[0,55],"E":{"a":[2,2,2,0,0]},"Q":2806},{"Q":2807,"H":{"x":73,"n":53,"a":63},"T":[0,56]},{"Q":2808,"H":{"x":72,"n":55,"a":68},"T":[0,57]},{"Q":2809,"H":{"x":69,"n":55,"a":62},"T":[0,58]},{"Q":2810,"H":{"x":70,"n":65,"a":67},"T":[0,59]},{"Q":2811,"H":{"x":69,"n":52,"a":64},"T":[1,0]},{"H":{"x":71,"n":62,"a":67},"T":[1,1],"E":{"a":[1,1,1,0,0]},"Q":2812},{"Q":2813,"H":{"x":70,"n":53,"a":66},"T":[1,2]},{"Q":2814,"H":{"x":71,"n":57,"a":66},"T":[1,3]},{"Q":2815,"H":{"x":71,"n":50,"a":63},"T":[1,4]},{"Q":2816,"H":{"x":72,"n":64,"a":68},"T":[1,5]},{"Q":2817,"H":{"x":71,"n":64,"a":67},"T":[1,6]},{"Q":2818,"H":{"x":72,"n":61,"a":68},"T":[1,7]},{"Q":2819,"H":{"x":72,"n":64,"a":67},"T":[1,8]},{"Q":2820,"H":{"x":72,"n":64,"a":67},"T":[1,9]},{"Q":2821,"H":{"x":77,"n":64,"a":68},"T":[1,10]},{"Q":2822,"H":{"x":87,"n":65,"a":72},"T":[1,11]},{"Q":2823,"H":{"x":80,"n":72,"a":73},"T":[1,12]},{"Q":2824,"H":{"x":65,"n":65,"a":65},"T":[1,13]},{"Q":2825,"H":{"x":67,"n":67,"a":67},"T":[1,14]},{"Q":2826,"H":{"x":67,"n":67,"a":67},"T":[1,15]},{"Q":2827,"H":{"x":65,"n":65,"a":65},"T":[1,16]},{"Q":2828,"H":{"x":63,"n":63,"a":63},"T":[1,17]},{"Q":2829,"H":{"x":63,"n":63,"a":63},"T":[1,18]},{"Q":2830,"H":{"x":64,"n":64,"a":64},"T":[1,19]},{"H":{"x":96,"n":58,"a":70},"T":[1,20],"E":{"a":[10,12,10,0,0]},"Q":2831},{"H":{"x":85,"n":61,"a":70},"T":[1,21],"E":{"a":[0,1,0,0,0]},"Q":2832},{"Q":2833,"H":{"x":85,"n":85,"a":85},"T":[1,22]},{"Q":2834,"H":{"x":62,"n":62,"a":62},"T":[1,23]},{"Q":2835,"H":{"x":62,"n":62,"a":62},"T":[1,24]},{"Q":2836,"H":{"x":61,"n":61,"a":61},"T":[1,25]},{"Q":2837,"H":{"x":60,"n":60,"a":60},"T":[1,26]},{"Q":2838,"H":{"x":60,"n":60,"a":60},"T":[1,27]},{"Q":2839,"H":{"x":62,"n":62,"a":62},"T":[1,28]},{"Q":2840,"H":{"x":61,"n":61,"a":61},"T":[1,29]},{"Q":2841,"H":{"x":59,"n":59,"a":59},"T":[1,30]},{"Q":2842,"H":{"x":60,"n":60,"a":60},"T":[1,31]},{"Q":2843,"H":{"x":62,"n":62,"a":62},"T":[1,32]},{"Q":2844,"H":{"x":62,"n":62,"a":62},"T":[1,33]},{"Q":2845,"H":{"x":61,"n":61,"a":61},"T":[1,34]},{"Q":2846,"H":{"x":62,"n":62,"a":62},"T":[1,35]},{"Q":2847,"H":{"x":62,"n":62,"a":62},"T":[1,36]},{"Q":2848,"H":{"x":62,"n":62,"a":62},"T":[1,37]},{"Q":2849,"H":{"x":60,"n":60,"a":60},"T":[1,38]},{"Q":2850,"H":{"x":60,"n":60,"a":60},"T":[1,39]},{"Q":2851,"H":{"x":60,"n":60,"a":60},"T":[1,40]},{"Q":2852,"H":{"x":60,"n":60,"a":60},"T":[1,41]},{"Q":2853,"H":{"x":59,"n":59,"a":59},"T":[1,42]},{"Q":2854,"H":{"x":59,"n":59,"a":59},"T":[1,43]},{"Q":2855,"H":{"x":62,"n":62,"a":62},"T":[1,44]},{"Q":2856,"H":{"x":63,"n":63,"a":63},"T":[1,45]},{"Q":2857,"H":{"x":62,"n":62,"a":62},"T":[1,46]},{"Q":2858,"H":{"x":61,"n":61,"a":61},"T":[1,47]},{"Q":2859,"H":{"x":59,"n":59,"a":59},"T":[1,48]},{"Q":2860,"H":{"x":60,"n":60,"a":60},"T":[1,49]},{"Q":2861,"H":{"x":61,"n":61,"a":61},"T":[1,50]},{"Q":2862,"H":{"x":60,"n":60,"a":60},"T":[1,51]},{"Q":2863,"H":{"x":58,"n":58,"a":58},"T":[1,52]},{"H":{"x":57,"n":57,"a":57},"T":[1,53],"E":{"a":[0,2,0,0,0]},"Q":2864},{"Q":2865,"H":{"x":60,"n":60,"a":60},"T":[1,54]},{"Q":2866,"H":{"x":61,"n":61,"a":61},"T":[1,55]},{"Q":2867,"H":{"x":61,"n":61,"a":61},"T":[1,56]},{"Q":2868,"H":{"x":61,"n":61,"a":61},"T":[1,57]},{"Q":2869,"H":{"x":62,"n":62,"a":62},"T":[1,58]},{"Q":2870,"H":{"x":64,"n":64,"a":64},"T":[1,59]},{"Q":2871,"H":{"x":64,"n":64,"a":64},"T":[2,0]},{"Q":2872,"H":{"x":63,"n":63,"a":63},"T":[2,1]},{"Q":2873,"H":{"x":61,"n":61,"a":61},"T":[2,2]},{"H":{"x":62,"n":62,"a":62},"T":[2,3],"E":{"a":[1,2,1,0,0]},"Q":2874},{"Q":2875,"H":{"x":63,"n":63,"a":63},"T":[2,4]},{"Q":2876,"H":{"x":62,"n":62,"a":62},"T":[2,5]},{"Q":2877,"H":{"x":61,"n":61,"a":61},"T":[2,6]},{"Q":2878,"H":{"x":60,"n":60,"a":60},"T":[2,7]},{"Q":2879,"H":{"x":60,"n":60,"a":60},"T":[2,8]},{"Q":2880,"H":{"x":62,"n":62,"a":62},"T":[2,9]},{"Q":2881,"H":{"x":63,"n":63,"a":63},"T":[2,10]},{"Q":2882,"H":{"x":61,"n":61,"a":61},"T":[2,11]},{"Q":2883,"H":{"x":61,"n":61,"a":61},"T":[2,12]},{"Q":2884,"H":{"x":62,"n":62,"a":62},"T":[2,13]},{"H":{"x":99,"n":62,"a":76},"T":[2,14],"E":{"a":[7,8,7,0,0]},"Q":2885},{"H":{"x":74,"n":56,"a":69},"T":[2,15],"E":{"a":[7,17,10,0,0]},"Q":2886},{"Q":2887,"H":{"x":108,"n":70,"a":78},"T":[2,16]},{"Q":2888,"H":{"x":101,"n":68,"a":80},"T":[2,17]},{"Q":2889,"H":{"x":118,"n":70,"a":84},"T":[2,18]},{"Q":2890,"H":{"x":166,"n":71,"a":97},"T":[2,19]},{"Q":2891,"H":{"x":127,"n":69,"a":82},"T":[2,20]},{"Q":2892,"H":{"x":153,"n":70,"a":84},"T":[2,21]},{"Q":2893,"H":{"x":142,"n":64,"a":83},"T":[2,22]},{"Q":2894,"H":{"x":169,"n":73,"a":116},"T":[2,23]},{"Q":2895,"H":{"x":168,"n":76,"a":108},"T":[2,24]},{"Q":2896,"H":{"x":165,"n":74,"a":100},"T":[2,25]},{"Q":2897,"H":{"x":169,"n":77,"a":110},"T":[2,26]},{"Q":2898,"H":{"x":171,"n":75,"a":115},"T":[2,27]},{"Q":2899,"H":{"x":167,"n":75,"a":116},"T":[2,28]},{"Q":2900,"H":{"x":169,"n":74,"a":102},"T":[2,29]},{"Q":2901,"H":{"x":119,"n":67,"a":81},"T":[2,30]},{"Q":2902,"H":{"x":164,"n":76,"a":97},"T":[2,31]},{"Q":2903,"H":{"x":169,"n":73,"a":115},"T":[2,32]},{"Q":2904,"H":{"x":169,"n":77,"a":117},"T":[2,33]},{"Q":2905,"H":{"x":178,"n":61,"a":103},"T":[2,34]},{"Q":2906,"H":{"x":81,"n":63,"a":75},"T":[2,35]},{"Q":2907,"H":{"x":85,"n":73,"a":78},"T":[2,36]},{"Q":2908,"H":{"x":121,"n":75,"a":81},"T":[2,37]},{"Q":2909,"H":{"x":80,"n":71,"a":75},"T":[2,38]},{"Q":2910,"H":{"x":93,"n":56,"a":77},"T":[2,39]},{"H":{"x":113,"n":68,"a":76},"T":[2,40],"E":{"a":[5,6,5,0,0]},"Q":2911},{"Q":2912,"H":{"x":157,"n":70,"a":83},"T":[2,41]},{"Q":2913,"H":{"x":114,"n":71,"a":77},"T":[2,42]},{"Q":2914,"H":{"x":117,"n":67,"a":80},"T":[2,43]},{"Q":2915,"H":{"x":159,"n":67,"a":88},"T":[2,44]},{"Q":2916,"H":{"x":115,"n":67,"a":82},"T":[2,45]},{"Q":2917,"H":{"x":139,"n":68,"a":83},"T":[2,46]},{"Q":2918,"H":{"x":178,"n":66,"a":91},"T":[2,47]},{"H":{"x":76,"n":65,"a":70},"T":[2,48],"E":{"a":[4,12,6,0,0]},"Q":2919},{"Q":2920,"H":{"x":123,"n":63,"a":77},"T":[2,49]},{"Q":2921,"H":{"x":77,"n":63,"a":71},"T":[2,50]},{"Q":2922,"H":{"x":76,"n":64,"a":73},"T":[2,51]},{"Q":2923,"H":{"x":77,"n":64,"a":74},"T":[2,52]},{"Q":2924,"H":{"x":76,"n":65,"a":73},"T":[2,53]},{"Q":2925,"H":{"x":77,"n":65,"a":74},"T":[2,54]},{"Q":2926,"H":{"x":76,"n":65,"a":72},"T":[2,55]},{"Q":2927,"H":{"x":76,"n":64,"a":73},"T":[2,56]},{"Q":2928,"H":{"x":77,"n":63,"a":74},"T":[2,57]},{"Q":2929,"H":{"x":78,"n":61,"a":73},"T":[2,58]},{"Q":2930,"H":{"x":77,"n":60,"a":73},"T":[2,59]},{"Q":2931,"H":{"x":83,"n":56,"a":71},"T":[3,0]},{"Q":2932,"H":{"x":127,"n":59,"a":74},"T":[3,1]},{"Q":2933,"H":{"x":77,"n":59,"a":72},"T":[3,2]},{"Q":2934,"H":{"x":77,"n":60,"a":73},"T":[3,3]},{"Q":2935,"H":{"x":79,"n":62,"a":73},"T":[3,4]},{"Q":2936,"H":{"x":79,"n":63,"a":74},"T":[3,5]},{"Q":2937,"H":{"x":77,"n":64,"a":73},"T":[3,6]},{"Q":2938,"H":{"x":77,"n":64,"a":74},"T":[3,7]},{"Q":2939,"H":{"x":76,"n":62,"a":72},"T":[3,8]},{"Q":2940,"H":{"x":80,"n":60,"a":74},"T":[3,9]},{"Q":2941,"H":{"x":78,"n":59,"a":75},"T":[3,10]},{"Q":2942,"H":{"x":80,"n":58,"a":74},"T":[3,11]},{"Q":2943,"H":{"x":114,"n":58,"a":73},"T":[3,12]},{"Q":2944,"H":{"x":83,"n":59,"a":75},"T":[3,13]},{"Q":2945,"H":{"x":75,"n":61,"a":71},"T":[3,14]},{"Q":2946,"H":{"x":78,"n":62,"a":74},"T":[3,15]},{"Q":2947,"H":{"x":77,"n":60,"a":72},"T":[3,16]},{"Q":2948,"H":{"x":75,"n":64,"a":73},"T":[3,17]},{"Q":2949,"H":{"x":77,"n":64,"a":74},"T":[3,18]},{"Q":2950,"H":{"x":76,"n":64,"a":72},"T":[3,19]},{"Q":2951,"H":{"x":76,"n":64,"a":72},"T":[3,20]},{"Q":2952,"H":{"x":116,"n":63,"a":75},"T":[3,21]},{"Q":2953,"H":{"x":79,"n":61,"a":73},"T":[3,22]},{"Q":2954,"H":{"x":118,"n":60,"a":73},"T":[3,23]},{"Q":2955,"H":{"x":80,"n":58,"a":72},"T":[3,24]},{"Q":2956,"H":{"x":78,"n":58,"a":72},"T":[3,25]},{"Q":2957,"H":{"x":82,"n":53,"a":71},"T":[3,26]},{"Q":2958,"H":{"x":80,"n":58,"a":73},"T":[3,27]},{"Q":2959,"H":{"x":90,"n":59,"a":73},"T":[3,28]},{"Q":2960,"H":{"x":75,"n":60,"a":71},"T":[3,29]},{"Q":2961,"H":{"x":85,"n":60,"a":74},"T":[3,30]},{"H":{"x":96,"n":60,"a":77},"T":[3,31],"E":{"a":[3,9,4,0,0]},"Q":2962},{"Q":2963,"H":{"x":81,"n":49,"a":68},"T":[3,32]},{"Q":2964,"H":{"x":77,"n":54,"a":68},"T":[3,33]},{"Q":2965,"H":{"x":75,"n":67,"a":70},"T":[3,34]},{"Q":2966,"H":{"x":76,"n":67,"a":71},"T":[3,35]},{"Q":2967,"H":{"x":74,"n":66,"a":70},"T":[3,36]},{"Q":2968,"H":{"x":76,"n":67,"a":71},"T":[3,37]},{"Q":2969,"H":{"x":76,"n":52,"a":68},"T":[3,38]},{"Q":2970,"H":{"x":75,"n":59,"a":71},"T":[3,39]},{"Q":2971,"H":{"x":82,"n":48,"a":69},"T":[3,40]},{"Q":2972,"H":{"x":132,"n":55,"a":78},"T":[3,41]},{"H":{"x":126,"n":48,"a":62},"T":[3,42],"E":{"a":[1,6,1,0,0]},"Q":2973},{"Q":2974,"H":{"x":72,"n":56,"a":65},"T":[3,43]},{"Q":2975,"H":{"x":80,"n":48,"a":65},"T":[3,44]},{"Q":2976,"H":{"x":76,"n":48,"a":66},"T":[3,45]},{"Q":2977,"H":{"x":77,"n":45,"a":64},"T":[3,46]},{"H":{"x":145,"n":56,"a":76},"T":[3,47],"E":{"a":[1,9,1,0,0]},"Q":2978},{"Q":2979,"H":{"x":71,"n":62,"a":67},"T":[3,48]},{"Q":2980,"H":{"x":70,"n":50,"a":65},"T":[3,49]},{"Q":2981,"H":{"x":164,"n":54,"a":71},"T":[3,50]},{"Q":2982,"H":{"x":74,"n":52,"a":66},"T":[3,51]},{"Q":2983,"H":{"x":77,"n":53,"a":66},"T":[3,52]},{"Q":2984,"H":{"x":81,"n":60,"a":70},"T":[3,53]},{"Q":2985,"H":{"x":74,"n":64,"a":67},"T":[3,54]},{"Q":2986,"H":{"x":73,"n":63,"a":68},"T":[3,55]},{"Q":2987,"H":{"x":77,"n":51,"a":67},"T":[3,56]},{"Q":2988,"H":{"x":76,"n":51,"a":68},"T":[3,57]},{"Q":2989,"H":{"x":73,"n":54,"a":67},"T":[3,58]},{"Q":2990,"H":{"x":77,"n":51,"a":67},"T":[3,59]},{"Q":2991,"H":{"x":74,"n":67,"a":70},"T":[4,0]},{"Q":2992,"H":{"x":74,"n":66,"a":70},"T":[4,1]},{"Q":2993,"H":{"x":75,"n":64,"a":70},"T":[4,2]},{"Q":2994,"H":{"x":74,"n":67,"a":70},"T":[4,3]},{"Q":2995,"H":{"x":72,"n":66,"a":69},"T":[4,4]},{"Q":2996,"H":{"x":73,"n":54,"a":69},"T":[4,5]},{"Q":2997,"H":{"x":73,"n":66,"a":69},"T":[4,6]},{"Q":2998,"H":{"x":73,"n":65,"a":69},"T":[4,7]},{"Q":2999,"H":{"x":73,"n":64,"a":69},"T":[4,8]},{"Q":3000,"H":{"x":75,"n":64,"a":70},"T":[4,9]},{"Q":3001,"H":{"x":72,"n":65,"a":69},"T":[4,10]},{"Q":3002,"H":{"x":74,"n":53,"a":68},"T":[4,11]},{"Q":3003,"H":{"x":74,"n":57,"a":69},"T":[4,12]},{"Q":3004,"H":{"x":101,"n":60,"a":71},"T":[4,13]},{"Q":3005,"H":{"x":74,"n":64,"a":70},"T":[4,14]},{"Q":3006,"H":{"x":75,"n":66,"a":70},"T":[4,15]},{"Q":3007,"H":{"x":73,"n":54,"a":69},"T":[4,16]},{"Q":3008,"H":{"x":74,"n":65,"a":70},"T":[4,17]},{"Q":3009,"H":{"x":109,"n":68,"a":73},"T":[4,18]},{"Q":3010,"H":{"x":136,"n":65,"a":84},"T":[4,19]},{"H":{"x":73,"n":50,"a":64},"T":[4,20],"E":{"a":[6,16,10,0,0]},"Q":3011},{"Q":3012,"H":{"x":75,"n":55,"a":68},"T":[4,21]},{"Q":3013,"H":{"x":107,"n":54,"a":71},"T":[4,22]},{"Q":3014,"H":{"x":76,"n":66,"a":70},"T":[4,23]},{"Q":3015,"H":{"x":80,"n":68,"a":71},"T":[4,24]},{"Q":3016,"H":{"x":111,"n":59,"a":73},"T":[4,25]},{"Q":3017,"H":{"x":113,"n":66,"a":72},"T":[4,26]},{"Q":3018,"H":{"x":151,"n":67,"a":81},"T":[4,27]},{"Q":3019,"H":{"x":110,"n":54,"a":72},"T":[4,28]},{"Q":3020,"H":{"x":107,"n":62,"a":72},"T":[4,29]},{"Q":3021,"H":{"x":111,"n":67,"a":73},"T":[4,30]},{"Q":3022,"H":{"x":111,"n":50,"a":71},"T":[4,31]},{"Q":3023,"H":{"x":151,"n":68,"a":81},"T":[4,32]},{"Q":3024,"H":{"x":159,"n":68,"a":82},"T":[4,33]},{"Q":3025,"H":{"x":159,"n":65,"a":77},"T":[4,34]},{"Q":3026,"H":{"x":115,"n":69,"a":83},"T":[4,35]},{"Q":3027,"H":{"x":114,"n":61,"a":81},"T":[4,36]},{"Q":3028,"H":{"x":83,"n":71,"a":75},"T":[4,37]},{"Q":3029,"H":{"x":118,"n":72,"a":77},"T":[4,38]},{"H":{"x":162,"n":61,"a":93},"T":[4,39],"E":{"a":[9,18,11,0,10]},"Q":3030},{"Q":3031,"H":{"x":78,"n":70,"a":74},"T":[4,40]},{"Q":3032,"H":{"x":81,"n":58,"a":72},"T":[4,41]},{"Q":3033,"H":{"x":82,"n":66,"a":73},"T":[4,42]},{"Q":3034,"H":{"x":81,"n":72,"a":75},"T":[4,43]},{"H":{"x":138,"n":59,"a":78},"T":[4,44],"E":{"a":[1,4,1,0,0]},"Q":3035},{"Q":3036,"H":{"x":74,"n":66,"a":70},"T":[4,45]},{"Q":3037,"H":{"x":82,"n":50,"a":71},"T":[4,46]},{"Q":3038,"H":{"x":79,"n":49,"a":72},"T":[4,47]},{"Q":3039,"H":{"x":97,"n":49,"a":72},"T":[4,48]},{"Q":3040,"H":{"x":76,"n":60,"a":70},"T":[4,49]},{"H":{"x":80,"n":69,"a":74},"T":[4,50],"E":{"a":[1,3,1,0,0]},"Q":3041},{"H":{"x":103,"n":66,"a":75},"T":[4,51],"E":{"a":[0,1,0,0,0]},"Q":3042},{"Q":3043,"H":{"x":85,"n":50,"a":69},"T":[4,52]},{"H":{"x":145,"n":49,"a":81},"T":[4,53],"E":{"a":[2,14,3,0,0]},"Q":3044},{"Q":3045,"H":{"x":74,"n":66,"a":71},"T":[4,54]},{"Q":3046,"H":{"x":109,"n":54,"a":72},"T":[4,55]},{"Q":3047,"H":{"x":75,"n":52,"a":68},"T":[4,56]},{"Q":3048,"H":{"x":83,"n":64,"a":71},"T":[4,57]},{"Q":3049,"H":{"x":123,"n":46,"a":75},"T":[4,58]},{"Q":3050,"H":{"x":113,"n":48,"a":72},"T":[4,59]},{"Q":3051,"H":{"x":79,"n":70,"a":73},"T":[5,0]},{"Q":3052,"H":{"x":120,"n":71,"a":77},"T":[5,1]},{"Q":3053,"H":{"x":93,"n":64,"a":76},"T":[5,2]},{"Q":3054,"H":{"x":81,"n":54,"a":73},"T":[5,3]},{"Q":3055,"H":{"x":153,"n":57,"a":82},"T":[5,4]},{"H":{"x":161,"n":55,"a":75},"T":[5,5],"E":{"a":[17,25,18,0,0]},"Q":3056},{"Q":3057,"H":{"x":80,"n":53,"a":69},"T":[5,6]},{"Q":3058,"H":{"x":77,"n":62,"a":71},"T":[5,7]},{"Q":3059,"H":{"x":79,"n":59,"a":71},"T":[5,8]},{"Q":3060,"H":{"x":78,"n":69,"a":72},"T":[5,9]},{"Q":3061,"H":{"x":79,"n":73,"a":75},"T":[5,10]},{"H":{"x":166,"n":51,"a":87},"T":[5,11],"E":{"a":[3,12,6,0,0]},"Q":3062},{"Q":3063,"H":{"x":151,"n":52,"a":80},"T":[5,12]},{"Q":3064,"H":{"x":163,"n":61,"a":104},"T":[5,13]},{"Q":3065,"H":{"x":164,"n":57,"a":120},"T":[5,14]},{"Q":3066,"H":{"x":161,"n":60,"a":112},"T":[5,15]},{"Q":3067,"H":{"x":160,"n":45,"a":96},"T":[5,16]},{"Q":3068,"H":{"x":163,"n":69,"a":96},"T":[5,17]},{"H":{"x":140,"n":50,"a":77},"T":[5,18],"E":{"a":[8,10,8,0,0]},"Q":3069},{"Q":3070,"H":{"x":76,"n":65,"a":70},"T":[5,19]},{"Q":3071,"H":{"x":94,"n":63,"a":73},"T":[5,20]},{"H":{"x":118,"n":51,"a":67},"T":[5,21],"E":{"a":[0,1,0,0,0]},"Q":3072},{"Q":3073,"H":{"x":109,"n":52,"a":71},"T":[5,22]},{"Q":3074,"H":{"x":73,"n":65,"a":69},"T":[5,23]},{"Q":3075,"H":{"x":75,"n":56,"a":69},"T":[5,24]},{"Q":3076,"H":{"x":74,"n":66,"a":70},"T":[5,25]},{"Q":3077,"H":{"x":74,"n":68,"a":71},"T":[5,26]},{"Q":3078,"H":{"x":77,"n":69,"a":72},"T":[5,27]},{"Q":3079,"H":{"x":74,"n":68,"a":71},"T":[5,28]},{"Q":3080,"H":{"x":76,"n":64,"a":71},"T":[5,29]},{"Q":3081,"H":{"x":75,"n":69,"a":72},"T":[5,30]},{"Q":3082,"H":{"x":75,"n":70,"a":72},"T":[5,31]},{"Q":3083,"H":{"x":77,"n":65,"a":72},"T":[5,32]},{"Q":3084,"H":{"x":75,"n":67,"a":72},"T":[5,33]},{"H":{"x":167,"n":66,"a":85},"T":[5,34],"E":{"a":[4,9,4,0,0]},"Q":3085},{"H":{"x":72,"n":61,"a":67},"T":[5,35],"E":{"a":[5,1,1,0,0]},"Q":3086},{"Q":3087,"H":{"x":73,"n":53,"a":64},"T":[5,36]},{"Q":3088,"H":{"x":71,"n":58,"a":66},"T":[5,37]},{"Q":3089,"H":{"x":73,"n":63,"a":68},"T":[5,38]},{"Q":3090,"H":{"x":73,"n":64,"a":68},"T":[5,39]},{"Q":3091,"H":{"x":69,"n":58,"a":65},"T":[5,40]},{"Q":3092,"H":{"x":72,"n":64,"a":70},"T":[5,41]},{"H":{"x":135,"n":51,"a":83},"T":[5,42],"E":{"a":[4,9,4,0,0]},"Q":3093},{"Q":3094,"H":{"x":103,"n":51,"a":70},"T":[5,43]},{"Q":3095,"H":{"x":83,"n":66,"a":70},"T":[5,44]},{"Q":3096,"H":{"x":80,"n":51,"a":69},"T":[5,45]},{"Q":3097,"H":{"x":70,"n":50,"a":63},"T":[5,46]},{"Q":3098,"H":{"x":71,"n":50,"a":66},"T":[5,47]},{"Q":3099,"H":{"x":75,"n":65,"a":70},"T":[5,48]},{"Q":3100,"H":{"x":74,"n":67,"a":70},"T":[5,49]},{"Q":3101,"H":{"x":75,"n":66,"a":70},"T":[5,50]},{"Q":3102,"H":{"x":74,"n":65,"a":69},"T":[5,51]},{"Q":3103,"H":{"x":74,"n":67,"a":70},"T":[5,52]},{"Q":3104,"H":{"x":74,"n":53,"a":69},"T":[5,53]},{"Q":3105,"H":{"x":76,"n":61,"a":70},"T":[5,54]},{"Q":3106,"H":{"x":73,"n":66,"a":69},"T":[5,55]},{"Q":3107,"H":{"x":74,"n":66,"a":70},"T":[5,56]},{"Q":3108,"H":{"x":111,"n":66,"a":72},"T":[5,57]},{"Q":3109,"H":{"x":75,"n":68,"a":71},"T":[5,58]},{"Q":3110,"H":{"x":75,"n":52,"a":70},"T":[5,59]},{"Q":3111,"H":{"x":75,"n":64,"a":70},"T":[6,0]},{"Q":3112,"H":{"x":109,"n":68,"a":73},"T":[6,1]},{"Q":3113,"H":{"x":76,"n":52,"a":70},"T":[6,2]},{"Q":3114,"H":{"x":75,"n":68,"a":72},"T":[6,3]},{"Q":3115,"H":{"x":76,"n":67,"a":71},"T":[6,4]},{"Q":3116,"H":{"x":80,"n":56,"a":73},"T":[6,5]},{"H":{"x":117,"n":53,"a":73},"T":[6,6],"E":{"a":[17,33,20,0,20]},"Q":3117},{"Q":3118,"H":{"x":157,"n":65,"a":79},"T":[6,7]},{"Q":3119,"H":{"x":145,"n":67,"a":85},"T":[6,8]},{"Q":3120,"H":{"x":138,"n":68,"a":90},"T":[6,9]},{"Q":3121,"H":{"x":157,"n":60,"a":100},"T":[6,10]},{"Q":3122,"H":{"x":165,"n":67,"a":122},"T":[6,11]},{"Q":3123,"H":{"x":168,"n":69,"a":132},"T":[6,12]},{"Q":3124,"H":{"x":161,"n":69,"a":129},"T":[6,13]},{"Q":3125,"H":{"x":160,"n":78,"a":133},"T":[6,14]},{"Q":3126,"H":{"x":163,"n":73,"a":135},"T":[6,15]},{"Q":3127,"H":{"x":162,"n":78,"a":137},"T":[6,16]},{"Q":3128,"H":{"x":161,"n":87,"a":138},"T":[6,17]},{"Q":3129,"H":{"x":169,"n":67,"a":136},"T":[6,18]},{"Q":3130,"H":{"x":162,"n":106,"a":145},"T":[6,19]},{"Q":3131,"H":{"x":160,"n":107,"a":147},"T":[6,20]},{"Q":3132,"H":{"x":175,"n":62,"a":139},"T":[6,21]},{"Q":3133,"H":{"x":179,"n":95,"a":135},"T":[6,22]},{"H":{"x":113,"n":51,"a":76},"T":[6,23],"E":{"a":[0,4,0,0,0]},"Q":3134},{"Q":3135,"H":{"x":103,"n":57,"a":73},"T":[6,24]},{"H":{"x":104,"n":51,"a":73},"T":[6,25],"E":{"a":[12,18,12,0,0]},"Q":3136},{"Q":3137,"H":{"x":75,"n":50,"a":66},"T":[6,26]},{"Q":3138,"H":{"x":80,"n":55,"a":70},"T":[6,27]},{"Q":3139,"H":{"x":78,"n":57,"a":70},"T":[6,28]},{"Q":3140,"H":{"x":121,"n":49,"a":75},"T":[6,29]},{"Q":3141,"H":{"x":76,"n":50,"a":68},"T":[6,30]},{"Q":3142,"H":{"x":114,"n":50,"a":73},"T":[6,31]},{"Q":3143,"H":{"x":111,"n":49,"a":71},"T":[6,32]},{"Q":3144,"H":{"x":115,"n":50,"a":75},"T":[6,33]},{"H":{"x":133,"n":60,"a":78},"T":[6,34],"E":{"a":[0,1,0,0,0]},"Q":3145},{"Q":3146,"H":{"x":111,"n":56,"a":70},"T":[6,35]},{"Q":3147,"H":{"x":111,"n":59,"a":78},"T":[6,36]},{"H":{"x":101,"n":64,"a":75},"T":[6,37],"E":{"a":[4,11,8,0,0]},"Q":3148},{"Q":3149,"H":{"x":104,"n":48,"a":70},"T":[6,38]},{"H":{"x":132,"n":55,"a":81},"T":[6,39],"E":{"a":[4,12,6,0,0]},"Q":3150},{"Q":3151,"H":{"x":82,"n":52,"a":67},"T":[6,40]},{"Q":3152,"H":{"x":109,"n":52,"a":71},"T":[6,41]},{"Q":3153,"H":{"x":78,"n":55,"a":70},"T":[6,42]},{"Q":3154,"H":{"x":151,"n":52,"a":74},"T":[6,43]},{"Q":3155,"H":{"x":77,"n":51,"a":67},"T":[6,44]},{"H":{"x":116,"n":49,"a":79},"T":[6,45],"E":{"a":[0,3,0,0,0]},"Q":3156},{"Q":3157,"H":{"x":75,"n":50,"a":57},"T":[6,46]},{"Q":3158,"H":{"x":79,"n":48,"a":62},"T":[6,47]},{"Q":3159,"H":{"x":97,"n":47,"a":63},"T":[6,48]},{"Q":3160,"H":{"x":76,"n":51,"a":59},"T":[6,49]},{"Q":3161,"H":{"x":72,"n":47,"a":62},"T":[6,50]},{"Q":3162,"H":{"x":71,"n":52,"a":63},"T":[6,51]},{"Q":3163,"H":{"x":69,"n":52,"a":60},"T":[6,52]},{"Q":3164,"H":{"x":69,"n":53,"a":61},"T":[6,53]},{"Q":3165,"H":{"x":75,"n":50,"a":63},"T":[6,54]},{"Q":3166,"H":{"x":75,"n":50,"a":63},"T":[6,55]},{"Q":3167,"H":{"x":81,"n":51,"a":70},"T":[6,56]},{"Q":3168,"H":{"x":106,"n":60,"a":79},"T":[6,57]},{"H":{"x":80,"n":67,"a":72},"T":[6,58],"E":{"a":[8,11,8,0,10]},"Q":3169},{"Q":3170,"H":{"x":119,"n":72,"a":81},"T":[6,59]},{"H":{"x":81,"n":57,"a":72},"T":[7,0],"E":{"a":[5,17,8,0,0]},"Q":3171},{"Q":3172,"H":{"x":80,"n":56,"a":73},"T":[7,1]},{"Q":3173,"H":{"x":83,"n":54,"a":71},"T":[7,2]},{"Q":3174,"H":{"x":92,"n":55,"a":75},"T":[7,3]},{"Q":3175,"H":{"x":115,"n":69,"a":90},"T":[7,4]},{"H":{"x":154,"n":71,"a":89},"T":[7,5],"E":{"a":[17,44,30,0,260]},"Q":3176},{"Q":3177,"H":{"x":93,"n":73,"a":78},"T":[7,6]},{"H":{"x":123,"n":57,"a":76},"T":[7,7],"E":{"a":[6,9,7,0,0]},"Q":3178},{"H":{"x":77,"n":63,"a":72},"T":[7,8],"E":{"a":[3,5,3,0,0]},"Q":3179},{"Q":3180,"H":{"x":78,"n":53,"a":67},"T":[7,9]},{"Q":3181,"H":{"x":110,"n":47,"a":68},"T":[7,10]},{"Q":3182,"H":{"x":124,"n":52,"a":72},"T":[7,11]},{"Q":3183,"H":{"x":111,"n":52,"a":72},"T":[7,12]},{"Q":3184,"H":{"x":115,"n":55,"a":73},"T":[7,13]},{"Q":3185,"H":{"x":120,"n":52,"a":77},"T":[7,14]},{"Q":3186,"H":{"x":154,"n":54,"a":76},"T":[7,15]},{"Q":3187,"H":{"x":163,"n":58,"a":98},"T":[7,16]},{"Q":3188,"H":{"x":120,"n":65,"a":78},"T":[7,17]},{"Q":3189,"H":{"x":160,"n":60,"a":86},"T":[7,18]},{"Q":3190,"H":{"x":172,"n":60,"a":96},"T":[7,19]},{"Q":3191,"H":{"x":167,"n":58,"a":98},"T":[7,20]},{"Q":3192,"H":{"x":166,"n":63,"a":101},"T":[7,21]},{"Q":3193,"H":{"x":169,"n":49,"a":93},"T":[7,22]},{"H":{"x":137,"n":51,"a":89},"T":[7,23],"E":{"a":[5,11,5,0,20]},"Q":3194},{"H":{"x":80,"n":54,"a":68},"T":[7,24],"E":{"a":[3,12,6,0,10]},"Q":3195},{"Q":3196,"H":{"x":117,"n":52,"a":69},"T":[7,25]},{"H":{"x":117,"n":51,"a":70},"T":[7,26],"E":{"a":[0,2,0,0,0]},"Q":3197},{"H":{"x":144,"n":50,"a":82},"T":[7,27],"E":{"a":[3,9,3,0,0]},"Q":3198},{"H":{"x":117,"n":52,"a":67},"T":[7,28],"E":{"a":[2,4,2,0,0]},"Q":3199},{"Q":3200,"H":{"x":140,"n":51,"a":83},"T":[7,29]},{"H":{"x":123,"n":86,"a":103},"T":[7,30],"E":{"a":[11,45,25,0,560]},"Q":3201},{"H":{"x":108,"n":58,"a":76},"T":[7,31],"E":{"a":[7,28,18,0,10]},"Q":3202},{"H":{"x":175,"n":67,"a":88},"T":[7,32],"E":{"a":[7,1,0,0,0]},"Q":3203},{"Q":3204,"H":{"x":131,"n":57,"a":81},"T":[7,33]},{"Q":3205,"H":{"x":154,"n":62,"a":88},"T":[7,34]},{"H":{"x":146,"n":73,"a":83},"T":[7,35],"E":{"a":[6,27,12,0,60]},"Q":3206},{"Q":3207,"H":{"x":134,"n":69,"a":78},"T":[7,36]},{"Q":3208,"H":{"x":83,"n":71,"a":75},"T":[7,37]},{"H":{"x":144,"n":62,"a":85},"T":[7,38],"E":{"a":[7,44,23,0,10]},"Q":3209},{"H":{"x":88,"n":70,"a":78},"T":[7,39],"E":{"a":[2,22,2,0,0]},"Q":3210},{"H":{"x":168,"n":76,"a":93},"T":[7,40],"E":{"a":[7,31,19,0,80]},"Q":3211},{"Q":3212,"H":{"x":136,"n":58,"a":97},"T":[7,41]},{"H":{"x":163,"n":44,"a":92},"T":[7,42],"E":{"a":[10,30,17,0,50]},"Q":3213},{"H":{"x":167,"n":76,"a":118},"T":[7,43],"E":{"a":[7,69,29,0,1220]},"Q":3214},{"H":{"x":171,"n":69,"a":110},"T":[7,44],"E":{"a":[18,71,40,0,840]},"Q":3215},{"H":{"x":169,"n":70,"a":97},"T":[7,45],"E":{"a":[4,19,7,0,0]},"Q":3216},{"H":{"x":176,"n":78,"a":99},"T":[7,46],"E":{"a":[0,15,0,0,0]},"Q":3217},{"H":{"x":173,"n":77,"a":106},"T":[7,47],"E":{"a":[5,38,13,0,230]},"Q":3218},{"H":{"x":141,"n":78,"a":95},"T":[7,48],"E":{"a":[2,11,5,0,740]},"Q":3219},{"H":{"x":176,"n":76,"a":122},"T":[7,49],"E":{"a":[11,42,35,0,1090]},"Q":3220},{"H":{"x":159,"n":76,"a":99},"T":[7,51],"P":{"d":89,"s":17,"c":5,"t":1},"E":{"a":[22,82,52,0,1340]},"Q":3221},{"Q":3222,"H":{"x":111,"n":50,"a":68},"T":[7,51]},{"Q":3223,"H":{"x":69,"n":69,"a":69},"T":[7,52]},{"Q":3224,"H":{"x":69,"n":69,"a":69},"T":[7,53]},{"Q":3225,"H":{"x":87,"n":42,"a":52},"T":[7,54]},{"Q":3226,"H":{"x":87,"n":44,"a":62},"T":[7,55]},{"Q":3227,"H":{"x":69,"n":51,"a":52},"T":[7,56]},{"Q":3228,"H":{"x":51,"n":49,"a":50},"T":[7,57]},{"Q":3229,"H":{"x":49,"n":45,"a":46},"T":[7,58]},{"Q":3230,"H":{"x":68,"n":68,"a":68},"T":[7,59]},{"Q":3231,"H":{"x":69,"n":67,"a":68},"T":[8,0]},{"H":{"x":115,"n":42,"a":90},"T":[8,1],"E":{"a":[1,1,1,0,0]},"Q":3232},{"Q":3233,"H":{"x":166,"n":43,"a":82},"T":[8,2]},{"Q":3234,"H":{"x":109,"n":43,"a":55},"T":[8,3]},{"Q":3235,"H":{"x":162,"n":43,"a":81},"T":[8,4]},{"Q":3236,"H":{"x":90,"n":47,"a":53},"T":[8,5]},{"Q":3237,"H":{"x":61,"n":61,"a":61},"T":[8,6]},{"Q":3238,"H":{"x":62,"n":62,"a":62},"T":[8,7]},{"Q":3239,"H":{"x":59,"n":59,"a":59},"T":[8,8]},{"H":{"x":57,"n":57,"a":57},"T":[8,9],"E":{"a":[4,6,4,0,0]},"Q":3240},{"Q":3241,"E":{"a":[1,1,1,1,0]},"T":[8,11]},{"T":[8,17],"P":{"s":17,"c":5,"t":1},"E":{"a":[40,50,40,2,290]},"Q":3242},{"H":{"x":165,"n":88,"a":144},"T":[8,17],"E":{"a":[47,88,59,2,120]},"Q":3243},{"H":{"x":127,"n":127,"a":127},"T":[8,19],"P":{"d":667,"s":104,"c":31,"t":1},"E":{"a":[79,113,91,0,1070]},"Q":3244},{"Q":3247,"H":{"x":103,"n":90,"a":102},"T":[8,19]},{"H":{"x":90,"n":90,"a":90},"T":[8,19],"P":{"d":324,"s":55,"c":16,"t":1},"E":{"a":[206,136,127,0,1280]},"Q":3245},{"H":{"x":90,"n":90,"a":90},"T":[8,19],"P":{"d":576,"s":93,"c":27,"a":17,"t":147},"Q":3246},{"Q":3250,"H":{"x":103,"n":68,"a":75},"T":[8,20]},{"H":{"x":103,"n":68,"a":75},"T":[8,20],"P":{"s":5,"c":1,"a":4,"t":147},"E":{"a":[3,35,12,0,0]},"Q":3248},{"H":{"x":103,"n":68,"a":75},"T":[8,20],"P":{"t":147,"a":2},"Q":3249},{"H":{"x":75,"n":75,"a":75},"T":[8,21],"E":{"a":[4,40,2,0,10]},"Q":3251},{"H":{"x":69,"n":69,"a":69},"T":[8,22],"E":{"a":[0,46,0,0,0]},"Q":3252},{"H":{"x":71,"n":71,"a":71},"T":[8,23],"E":{"a":[8,30,10,0,0]},"Q":3253},{"H":{"x":70,"n":70,"a":70},"T":[8,24],"E":{"a":[2,4,2,0,0]},"Q":3254},{"H":{"x":71,"n":71,"a":71},"T":[8,25],"E":{"a":[2,21,3,0,0]},"Q":3255},{"H":{"x":63,"n":63,"a":63},"T":[8,26],"E":{"a":[4,38,17,0,190]},"Q":3256},{"H":{"x":69,"n":69,"a":69},"T":[8,27],"E":{"a":[3,10,8,0,0]},"Q":3257},{"H":{"x":177,"n":70,"a":103},"T":[8,28],"E":{"a":[6,20,12,0,20]},"Q":3258},{"H":{"x":172,"n":74,"a":107},"T":[8,29],"E":{"a":[0,35,0,0,0]},"Q":3259},{"H":{"x":179,"n":79,"a":126},"T":[8,30],"E":{"a":[1,41,2,0,0]},"Q":3260},{"H":{"x":175,"n":75,"a":85},"T":[8,32],"P":{"d":125,"s":24,"c":7,"t":1},"E":{"a":[11,58,27,0,0]},"Q":3261},{"H":{"x":72,"n":72,"a":72},"T":[8,32],"E":{"a":[20,76,38,0,50]},"Q":3262},{"H":{"x":83,"n":83,"a":83},"T":[8,33],"E":{"a":[9,78,13,0,30]},"Q":3263},{"H":{"x":66,"n":66,"a":66},"T":[8,34],"E":{"a":[1,20,1,0,0]},"Q":3264},{"H":{"x":67,"n":67,"a":67},"T":[8,36],"P":{"d":122,"s":24,"c":7,"t":1},"E":{"a":[28,76,47,0,290]},"Q":3265},{"H":{"x":173,"n":77,"a":135},"T":[8,37],"P":{"d":216,"s":45,"c":13,"t":1},"E":{"a":[66,108,87,0,1080]},"Q":3266},{"H":{"x":167,"n":67,"a":112},"T":[8,37],"E":{"a":[67,40,14,0,60]},"Q":3267},{"H":{"x":149,"n":69,"a":96},"T":[8,38],"E":{"a":[7,44,22,0,140]},"Q":3268},{"H":{"x":161,"n":77,"a":114},"T":[8,39],"E":{"a":[8,36,22,0,130]},"Q":3269},{"H":{"x":176,"n":77,"a":162},"T":[8,41],"P":{"d":307,"s":57,"c":17,"t":1},"E":{"a":[27,55,33,0,1880]},"Q":3270},{"H":{"x":75,"n":75,"a":75},"T":[8,41],"P":{"d":317,"s":52,"c":15,"t":1},"E":{"a":[149,132,122,0,1630]},"Q":3271},{"H":{"x":75,"n":75,"a":75},"T":[8,41],"P":{"d":624,"s":109,"c":37,"a":17,"t":147},"Q":3272},{"H":{"x":105,"n":73,"a":95},"T":[8,42],"P":{"d":262,"s":47,"c":18,"a":4,"t":147},"Q":3273},{"H":{"x":101,"n":69,"a":83},"T":[8,43],"P":{"d":515,"s":91,"c":27,"a":4,"t":147},"E":{"a":[210,90,89,0,1150]},"Q":3274},{"H":{"x":118,"n":100,"a":109},"T":[8,44],"P":{"d":626,"s":106,"c":54,"a":4,"t":147},"E":{"a":[131,104,104,0,1640]},"Q":3275},{"H":{"x":124,"n":116,"a":120},"T":[8,44],"E":{"a":[15,13,11,0,2270]},"Q":3277},{"H":{"x":126,"n":95,"a":115},"T":[8,45],"P":{"d":203,"s":39,"c":60,"a":4,"t":147},"E":{"a":[207,93,84,0,1980]},"Q":3276},{"Q":3279,"H":{"x":124,"n":116,"a":120},"T":[8,45]},{"H":{"x":124,"n":116,"a":120},"T":[8,45],"P":{"t":147,"a":2},"Q":3278},{"H":{"x":179,"n":72,"a":170},"T":[8,46],"E":{"a":[27,47,28,0,2570]},"Q":3280},{"H":{"x":179,"n":100,"a":161},"T":[8,48],"P":{"d":376,"s":74,"c":22,"t":1},"E":{"a":[44,73,54,0,2060]},"Q":3281},{"H":{"x":125,"n":73,"a":109},"T":[8,49],"P":{"d":109,"s":18,"c":5,"t":1},"E":{"a":[110,135,105,0,1360]},"Q":3282},{"H":{"x":170,"n":98,"a":127},"T":[8,49],"E":{"a":[10,44,23,0,10]},"Q":3283},{"H":{"x":133,"n":69,"a":87},"T":[8,50],"E":{"a":[2,27,4,0,0]},"Q":3284},{"H":{"x":164,"n":85,"a":113},"T":[8,51],"E":{"a":[3,29,12,0,0]},"Q":3285},{"H":{"x":179,"n":87,"a":155},"T":[8,52],"E":{"a":[4,30,8,0,0]},"Q":3286},{"H":{"x":177,"n":44,"a":108},"T":[8,53],"E":{"a":[4,11,5,0,0]},"Q":3287},{"H":{"x":178,"n":96,"a":119},"T":[8,54],"E":{"a":[4,37,19,0,180]},"Q":3288},{"H":{"x":169,"n":61,"a":114},"T":[8,55],"E":{"a":[5,30,15,0,0]},"Q":3289},{"H":{"x":148,"n":67,"a":93},"T":[8,56],"E":{"a":[2,5,2,0,0]},"Q":3290},{"H":{"x":178,"n":76,"a":91},"T":[8,57],"E":{"a":[5,12,5,0,0]},"Q":3291},{"H":{"x":168,"n":84,"a":103},"T":[8,58],"E":{"a":[1,9,2,0,0]},"Q":3292},{"H":{"x":142,"n":99,"a":113},"T":[9,0],"P":{"d":160,"s":29,"c":8,"t":1},"E":{"a":[6,64,33,0,0]},"Q":3293},{"H":{"x":71,"n":71,"a":71},"T":[9,1],"P":{"d":484,"s":79,"c":24,"t":1},"E":{"a":[103,122,107,0,1310]},"Q":3294},{"H":{"x":171,"n":100,"a":160},"T":[9,2],"P":{"d":106,"s":18,"c":5,"t":1},"E":{"a":[155,85,73,0,710]},"Q":3295},{"H":{"x":150,"n":86,"a":136},"T":[9,3],"P":{"d":216,"s":47,"c":14,"t":1},"E":{"a":[70,94,85,0,810]},"Q":3296},{"H":{"x":87,"n":56,"a":73},"T":[9,3],"E":{"a":[116,107,86,0,680]},"Q":3297},{"H":{"x":153,"n":78,"a":93},"T":[9,4],"E":{"a":[48,33,21,0,0]},"Q":3298},{"H":{"x":76,"n":76,"a":76},"T":[9,5],"E":{"a":[3,16,8,0,0]},"Q":3299},{"H":{"x":177,"n":72,"a":127},"T":[9,6],"E":{"a":[3,12,8,0,0]},"Q":3300},{"H":{"x":171,"n":65,"a":106},"T":[9,7],"E":{"a":[2,19,7,0,0]},"Q":3301},{"H":{"x":139,"n":76,"a":88},"T":[9,9],"P":{"d":104,"s":18,"c":5,"t":1},"E":{"a":[2,3,0,0,0]},"Q":3302},{"H":{"x":155,"n":67,"a":105},"T":[9,9],"E":{"a":[18,51,25,0,0]},"Q":3303},{"H":{"x":174,"n":61,"a":106},"T":[9,10],"E":{"a":[17,40,31,0,90]},"Q":3304},{"H":{"x":170,"n":72,"a":126},"T":[9,11],"E":{"a":[18,51,20,0,250]},"Q":3305},{"H":{"x":148,"n":50,"a":96},"T":[9,13],"P":{"d":119,"s":21,"c":6,"t":1},"E":{"a":[1,21,4,0,130]},"Q":3306},{"H":{"x":177,"n":65,"a":114},"T":[9,14],"P":{"d":145,"s":26,"c":7,"t":1},"E":{"a":[52,89,80,0,260]},"Q":3307},{"H":{"x":168,"n":54,"a":93},"T":[9,14],"E":{"a":[53,41,25,0,90]},"Q":3308},{"H":{"x":105,"n":61,"a":85},"T":[9,15],"E":{"a":[0,1,0,0,0]},"Q":3309},{"H":{"x":175,"n":72,"a":103},"T":[9,16],"E":{"a":[5,6,5,0,0]},"Q":3310},{"H":{"x":167,"n":68,"a":104},"T":[9,17],"E":{"a":[1,13,1,0,0]},"Q":3311},{"Q":3312,"H":{"x":179,"n":65,"a":136},"T":[9,18]},{"H":{"x":107,"n":58,"a":88},"T":[9,19],"E":{"a":[1,9,1,0,0]},"Q":3313},{"H":{"x":127,"n":86,"a":89},"T":[9,20],"E":{"a":[8,22,14,0,20]},"Q":3314},{"H":{"x":74,"n":74,"a":74},"T":[9,22],"P":{"d":278,"s":47,"c":14,"t":1},"E":{"a":[56,98,78,0,210]},"Q":3315},{"H":{"x":90,"n":90,"a":90},"T":[9,23],"P":{"d":264,"s":45,"c":13,"t":1},"E":{"a":[80,133,117,0,1170]},"Q":3316},{"H":{"x":101,"n":101,"a":101},"T":[9,23],"E":{"a":[19,77,47,0,460]},"Q":3317},{"H":{"x":176,"n":75,"a":104},"T":[9,24],"E":{"a":[3,31,9,0,0]},"Q":3318},{"H":{"x":176,"n":82,"a":143},"T":[9,25],"E":{"a":[2,20,5,0,0]},"Q":3319},{"H":{"x":177,"n":72,"a":137},"T":[9,26],"E":{"a":[4,38,10,0,0]},"Q":3320},{"H":{"x":136,"n":69,"a":99},"T":[9,28],"P":{"d":116,"s":21,"c":6,"t":1},"E":{"a":[3,7,3,0,0]},"Q":3321},{"H":{"x":116,"n":61,"a":76},"T":[9,28],"E":{"a":[25,45,30,0,0]},"Q":3322},{"H":{"x":132,"n":59,"a":85},"T":[9,29],"E":{"a":[3,20,14,0,0]},"Q":3323},{"H":{"x":164,"n":69,"a":99},"T":[9,30],"E":{"a":[10,17,12,0,0]},"Q":3324},{"H":{"x":166,"n":75,"a":102},"T":[9,31],"E":{"a":[3,13,3,0,0]},"Q":3325},{"H":{"x":141,"n":61,"a":93},"T":[9,32],"E":{"a":[10,29,13,0,50]},"Q":3326},{"H":{"x":173,"n":77,"a":100},"T":[9,33],"E":{"a":[2,18,3,0,0]},"Q":3327},{"H":{"x":63,"n":63,"a":63},"T":[9,34],"E":{"a":[2,5,2,0,0]},"Q":3328},{"H":{"x":175,"n":63,"a":125},"T":[9,35],"E":{"a":[1,1,1,0,0]},"Q":3329},{"H":{"x":124,"n":76,"a":88},"T":[9,36],"E":{"a":[5,17,9,0,0]},"Q":3330},{"H":{"x":174,"n":68,"a":127},"T":[9,37],"E":{"a":[7,15,10,0,10]},"Q":3331},{"H":{"x":175,"n":87,"a":149},"T":[9,38],"E":{"a":[3,11,4,0,0]},"Q":3332},{"H":{"x":164,"n":65,"a":99},"T":[9,39],"E":{"a":[4,22,11,0,0]},"Q":3333},{"H":{"x":175,"n":49,"a":88},"T":[9,40],"E":{"a":[2,23,9,0,0]},"Q":3334},{"H":{"x":177,"n":69,"a":112},"T":[9,41],"E":{"a":[2,24,10,0,0]},"Q":3335},{"H":{"x":143,"n":61,"a":123},"T":[9,42],"E":{"a":[4,25,11,0,10]},"Q":3336},{"H":{"x":173,"n":70,"a":118},"T":[9,43],"E":{"a":[4,17,7,0,0]},"Q":3337},{"H":{"x":173,"n":73,"a":94},"T":[9,44],"E":{"a":[2,19,6,0,0]},"Q":3338},{"H":{"x":143,"n":72,"a":120},"T":[9,45],"E":{"a":[3,10,6,0,0]},"Q":3339},{"H":{"x":177,"n":74,"a":121},"T":[9,46],"E":{"a":[3,32,11,0,0]},"Q":3340},{"H":{"x":133,"n":133,"a":133},"T":[9,47],"E":{"a":[3,29,9,0,0]},"Q":3341},{"H":{"x":172,"n":65,"a":107},"T":[9,48],"E":{"a":[3,14,5,0,0]},"Q":3342},{"H":{"x":164,"n":70,"a":101},"T":[9,49],"E":{"a":[6,14,11,0,0]},"Q":3343},{"H":{"x":125,"n":67,"a":89},"T":[9,50],"E":{"a":[5,18,13,0,0]},"Q":3344},{"H":{"x":177,"n":76,"a":121},"T":[9,51],"E":{"a":[6,17,13,0,0]},"Q":3345},{"H":{"x":68,"n":68,"a":68},"T":[9,52],"E":{"a":[4,16,8,0,0]},"Q":3346},{"H":{"x":145,"n":67,"a":101},"T":[9,53],"E":{"a":[4,25,10,0,0]},"Q":3347},{"H":{"x":168,"n":73,"a":100},"T":[9,54],"E":{"a":[3,9,4,0,0]},"Q":3348},{"H":{"x":123,"n":64,"a":94},"T":[9,55],"E":{"a":[5,22,10,0,270]},"Q":3349},{"H":{"x":139,"n":61,"a":73},"T":[9,56],"E":{"a":[15,36,25,0,620]},"Q":3350},{"H":{"x":134,"n":64,"a":82},"T":[9,57],"E":{"a":[5,29,13,0,40]},"Q":3351},{"H":{"x":162,"n":69,"a":88},"T":[9,58],"E":{"a":[1,23,2,0,0]},"Q":3352},{"H":{"x":174,"n":64,"a":91},"T":[9,59],"E":{"a":[2,19,7,0,0]},"Q":3353},{"H":{"x":175,"n":70,"a":107},"T":[10,0],"E":{"a":[3,15,6,0,0]},"Q":3354},{"H":{"x":96,"n":54,"a":76},"T":[10,1],"E":{"a":[10,42,20,0,40]},"Q":3355},{"H":{"x":159,"n":74,"a":107},"T":[10,2],"E":{"a":[5,28,16,0,950]},"Q":3356},{"H":{"x":177,"n":67,"a":86},"T":[10,3],"E":{"a":[2,17,4,0,0]},"Q":3357},{"H":{"x":177,"n":53,"a":89},"T":[10,4],"E":{"a":[4,13,11,0,0]},"Q":3358},{"H":{"x":177,"n":62,"a":90},"T":[10,5],"E":{"a":[2,10,3,0,0]},"Q":3359},{"H":{"x":156,"n":75,"a":107},"T":[10,6],"E":{"a":[4,17,10,0,0]},"Q":3360},{"H":{"x":146,"n":69,"a":102},"T":[10,7],"E":{"a":[6,25,10,0,0]},"Q":3361},{"H":{"x":164,"n":69,"a":96},"T":[10,8],"E":{"a":[4,18,6,0,0]},"Q":3362},{"H":{"x":168,"n":71,"a":131},"T":[10,9],"E":{"a":[16,34,24,0,60]},"Q":3363},{"H":{"x":173,"n":60,"a":93},"T":[10,10],"E":{"a":[2,20,7,0,0]},"Q":3364},{"H":{"x":175,"n":70,"a":99},"T":[10,11],"E":{"a":[1,16,4,0,0]},"Q":3365},{"H":{"x":178,"n":70,"a":123},"T":[10,12],"E":{"a":[4,14,9,0,0]},"Q":3366},{"H":{"x":159,"n":72,"a":127},"T":[10,13],"E":{"a":[9,18,10,0,0]},"Q":3367},{"H":{"x":106,"n":67,"a":81},"T":[10,14],"E":{"a":[2,7,2,0,0]},"Q":3368},{"H":{"x":159,"n":55,"a":89},"T":[10,15],"E":{"a":[3,9,6,0,790]},"Q":3369},{"H":{"x":131,"n":68,"a":82},"T":[10,16],"E":{"a":[4,15,4,0,190]},"Q":3370},{"H":{"x":155,"n":61,"a":86},"T":[10,17],"E":{"a":[1,12,1,0,0]},"Q":3371},{"H":{"x":156,"n":65,"a":106},"T":[10,18],"E":{"a":[2,19,4,0,0]},"Q":3372},{"H":{"x":166,"n":57,"a":128},"T":[10,19],"E":{"a":[1,13,3,0,0]},"Q":3373},{"H":{"x":174,"n":76,"a":137},"T":[10,20],"E":{"a":[6,21,14,0,670]},"Q":3374},{"H":{"x":178,"n":67,"a":104},"T":[10,21],"E":{"a":[4,18,9,0,0]},"Q":3375},{"H":{"x":67,"n":67,"a":67},"T":[10,23],"P":{"d":89,"s":18,"c":5,"t":1},"E":{"a":[20,68,45,0,360]},"Q":3376},{"H":{"x":81,"n":81,"a":81},"T":[10,23],"E":{"a":[19,66,52,0,560]},"Q":3377},{"H":{"x":77,"n":77,"a":77},"T":[10,24],"E":{"a":[21,76,49,0,1330]},"Q":3378},{"H":{"x":164,"n":83,"a":114},"T":[10,25],"E":{"a":[9,55,28,0,630]},"Q":3379},{"H":{"x":177,"n":75,"a":128},"T":[10,26],"E":{"a":[6,67,23,0,120]},"Q":3380},{"H":{"x":164,"n":74,"a":115},"T":[10,27],"E":{"a":[2,38,8,0,0]},"Q":3381},{"H":{"x":66,"n":66,"a":66},"T":[10,29],"P":{"s":14,"c":4,"t":1},"E":{"a":[14,45,24,0,180]},"Q":3382},{"H":{"x":174,"n":65,"a":95},"T":[10,29],"E":{"a":[14,32,25,0,140]},"Q":3383},{"H":{"x":169,"n":56,"a":88},"T":[10,30],"E":{"a":[3,11,3,0,0]},"Q":3384},{"H":{"x":179,"n":67,"a":105},"T":[10,31],"E":{"a":[1,11,1,0,0]},"Q":3385},{"H":{"x":153,"n":65,"a":104},"T":[10,32],"E":{"a":[1,21,2,0,0]},"Q":3386},{"H":{"x":175,"n":63,"a":99},"T":[10,33],"E":{"a":[2,9,2,0,0]},"Q":3387},{"H":{"x":114,"n":68,"a":90},"T":[10,34],"E":{"a":[7,26,17,0,90]},"Q":3388},{"H":{"x":117,"n":70,"a":83},"T":[10,35],"E":{"a":[4,20,9,0,140]},"Q":3389},{"H":{"x":92,"n":69,"a":79},"T":[10,36],"E":{"a":[6,20,12,0,430]},"Q":3390},{"H":{"x":150,"n":64,"a":97},"T":[10,37],"E":{"a":[2,16,6,0,0]},"Q":3391},{"H":{"x":159,"n":67,"a":81},"T":[10,38],"E":{"a":[1,5,1,0,0]},"Q":3392},{"H":{"x":136,"n":67,"a":84},"T":[10,39],"E":{"a":[3,15,7,0,0]},"Q":3393},{"H":{"x":154,"n":66,"a":88},"T":[10,40],"E":{"a":[2,7,4,0,0]},"Q":3394},{"H":{"x":175,"n":70,"a":122},"T":[10,42],"P":{"d":201,"s":41,"c":12,"t":1},"E":{"a":[34,81,61,0,700]},"Q":3395},{"H":{"x":83,"n":83,"a":83},"T":[10,42],"E":{"a":[34,54,23,0,50]},"Q":3396},{"H":{"x":167,"n":62,"a":109},"T":[10,43],"E":{"a":[2,30,8,0,300]},"Q":3397},{"H":{"x":113,"n":71,"a":83},"T":[10,45],"P":{"d":108,"s":20,"c":6,"t":1},"E":{"a":[5,42,13,0,0]},"Q":3398},{"H":{"x":178,"n":74,"a":146},"T":[10,46],"P":{"d":43,"s":8,"c":2,"t":1},"E":{"a":[41,75,43,0,980]},"Q":3399},{"H":{"x":167,"n":61,"a":94},"T":[10,46],"E":{"a":[11,43,22,0,770]},"Q":3400},{"H":{"x":177,"n":58,"a":88},"T":[10,47],"E":{"a":[2,12,7,0,0]},"Q":3401},{"H":{"x":143,"n":61,"a":89},"T":[10,48],"E":{"a":[1,12,5,0,0]},"Q":3402},{"H":{"x":171,"n":63,"a":89},"T":[10,49],"E":{"a":[7,18,10,0,20]},"Q":3403},{"H":{"x":137,"n":69,"a":91},"T":[10,50],"E":{"a":[4,18,7,0,0]},"Q":3404},{"H":{"x":173,"n":68,"a":107},"T":[10,51],"E":{"a":[4,23,4,0,0]},"Q":3405},{"H":{"x":130,"n":65,"a":80},"T":[10,52],"E":{"a":[2,30,11,0,0]},"Q":3406},{"H":{"x":176,"n":65,"a":91},"T":[10,53],"E":{"a":[5,17,10,0,10]},"Q":3407},{"H":{"x":170,"n":65,"a":92},"T":[10,54],"E":{"a":[2,14,2,0,0]},"Q":3408},{"H":{"x":177,"n":67,"a":100},"T":[10,55],"E":{"a":[1,16,4,0,0]},"Q":3409},{"H":{"x":177,"n":70,"a":92},"T":[10,56],"E":{"a":[4,12,9,0,50]},"Q":3410},{"H":{"x":159,"n":63,"a":87},"T":[10,57],"E":{"a":[2,23,2,0,0]},"Q":3411},{"H":{"x":128,"n":67,"a":90},"T":[10,58],"E":{"a":[4,23,6,0,0]},"Q":3412},{"H":{"x":173,"n":63,"a":94},"T":[10,59],"E":{"a":[1,17,4,0,0]},"Q":3413},{"H":{"x":161,"n":65,"a":101},"T":[11,0],"E":{"a":[4,23,6,0,0]},"Q":3414},{"H":{"x":175,"n":64,"a":96},"T":[11,1],"E":{"a":[4,31,1,0,0]},"Q":3415},{"H":{"x":171,"n":72,"a":93},"T":[11,2],"E":{"a":[0,21,0,0,0]},"Q":3416},{"H":{"x":177,"n":66,"a":102},"T":[11,3],"E":{"a":[0,22,0,0,0]},"Q":3417},{"H":{"x":92,"n":62,"a":73},"T":[11,4],"E":{"a":[2,18,3,0,0]},"Q":3418},{"H":{"x":171,"n":75,"a":120},"T":[11,5],"E":{"a":[10,34,23,0,10]},"Q":3419},{"H":{"x":174,"n":53,"a":95},"T":[11,6],"E":{"a":[8,42,27,0,60]},"Q":3420},{"H":{"x":133,"n":68,"a":92},"T":[11,7],"E":{"a":[5,17,11,0,1120]},"Q":3421},{"H":{"x":163,"n":66,"a":96},"T":[11,8],"E":{"a":[8,48,17,0,0]},"Q":3422},{"H":{"x":137,"n":63,"a":106},"T":[11,9],"E":{"a":[3,24,10,0,0]},"Q":3423},{"H":{"x":147,"n":72,"a":87},"T":[11,10],"E":{"a":[4,19,9,0,0]},"Q":3424},{"H":{"x":179,"n":67,"a":106},"T":[11,11],"E":{"a":[10,30,16,0,40]},"Q":3425},{"H":{"x":127,"n":56,"a":77},"T":[11,12],"E":{"a":[2,16,7,0,470]},"Q":3426},{"H":{"x":178,"n":65,"a":143},"T":[11,13],"E":{"a":[2,13,4,0,460]},"Q":3427},{"H":{"x":178,"n":60,"a":100},"T":[11,14],"E":{"a":[7,36,15,0,0]},"Q":3428},{"H":{"x":158,"n":68,"a":94},"T":[11,15],"E":{"a":[4,7,4,0,0]},"Q":3429},{"H":{"x":173,"n":63,"a":104},"T":[11,16],"E":{"a":[7,28,17,0,90]},"Q":3430},{"H":{"x":116,"n":67,"a":80},"T":[11,17],"E":{"a":[2,17,4,0,0]},"Q":3431},{"H":{"x":178,"n":64,"a":107},"T":[11,18],"E":{"a":[1,11,2,0,0]},"Q":3432},{"H":{"x":169,"n":72,"a":93},"T":[11,19],"E":{"a":[2,15,4,0,0]},"Q":3433},{"H":{"x":171,"n":76,"a":103},"T":[11,20],"E":{"a":[7,61,24,0,340]},"Q":3434},{"H":{"x":163,"n":75,"a":112},"T":[11,21],"E":{"a":[4,39,10,0,300]},"Q":3435},{"H":{"x":140,"n":72,"a":91},"T":[11,22],"E":{"a":[6,42,20,0,20]},"Q":3436},{"H":{"x":160,"n":56,"a":90},"T":[11,23],"E":{"a":[6,44,20,0,0]},"Q":3437},{"H":{"x":88,"n":65,"a":84},"T":[11,24],"E":{"a":[15,52,29,0,190]},"Q":3438},{"H":{"x":89,"n":65,"a":68},"T":[11,25],"E":{"a":[32,45,35,0,80]},"Q":3439},{"H":{"x":168,"n":51,"a":69},"T":[11,26],"E":{"a":[9,32,20,0,50]},"Q":3440},{"H":{"x":140,"n":69,"a":102},"T":[11,27],"E":{"a":[4,14,10,0,10]},"Q":3441},{"H":{"x":142,"n":69,"a":85},"T":[11,28],"E":{"a":[8,36,19,0,290]},"Q":3442},{"H":{"x":118,"n":69,"a":81},"T":[11,29],"E":{"a":[4,19,8,0,500]},"Q":3443},{"H":{"x":163,"n":69,"a":95},"T":[11,30],"E":{"a":[0,1,0,0,3000]},"Q":3444},{"H":{"x":125,"n":60,"a":77},"T":[11,31],"E":{"a":[11,25,18,0,160]},"Q":3445},{"H":{"x":159,"n":62,"a":90},"T":[11,32],"E":{"a":[7,13,11,0,0]},"Q":3446},{"H":{"x":176,"n":55,"a":90},"T":[11,33],"E":{"a":[2,16,7,0,0]},"Q":3447},{"H":{"x":169,"n":66,"a":86},"T":[11,34],"E":{"a":[4,19,11,0,220]},"Q":3448},{"H":{"x":124,"n":69,"a":84},"T":[11,35],"E":{"a":[3,11,4,0,390]},"Q":3449},{"H":{"x":166,"n":73,"a":99},"T":[11,36],"E":{"a":[7,37,20,0,100]},"Q":3450},{"H":{"x":124,"n":66,"a":88},"T":[11,37],"E":{"a":[4,11,7,0,1540]},"Q":3451},{"H":{"x":130,"n":66,"a":81},"T":[11,38],"E":{"a":[2,8,3,0,90]},"Q":3452},{"H":{"x":167,"n":56,"a":112},"T":[11,39],"E":{"a":[10,27,17,0,360]},"Q":3453},{"H":{"x":69,"n":69,"a":69},"T":[11,40],"E":{"a":[5,16,7,0,2770]},"Q":3454},{"H":{"x":177,"n":54,"a":108},"T":[11,41],"E":{"a":[5,9,5,0,2870]},"Q":3455},{"H":{"x":157,"n":50,"a":115},"T":[11,42],"E":{"a":[3,20,8,0,720]},"Q":3456},{"H":{"x":175,"n":87,"a":144},"T":[11,43],"E":{"a":[3,9,6,0,2060]},"Q":3457},{"H":{"x":177,"n":53,"a":132},"T":[11,44],"E":{"a":[4,19,12,0,830]},"Q":3458},{"H":{"x":99,"n":84,"a":98},"T":[11,45],"E":{"a":[2,13,4,0,2600]},"Q":3459},{"H":{"x":168,"n":66,"a":108},"T":[11,46],"E":{"a":[15,44,27,0,650]},"Q":3460},{"H":{"x":168,"n":57,"a":92},"T":[11,47],"E":{"a":[16,59,23,0,910]},"Q":3461},{"H":{"x":170,"n":60,"a":119},"T":[11,48],"E":{"a":[5,30,16,0,90]},"Q":3462},{"H":{"x":177,"n":76,"a":143},"T":[11,49],"E":{"a":[3,35,11,0,730]},"Q":3463},{"H":{"x":152,"n":66,"a":82},"T":[11,50],"E":{"a":[8,49,21,0,0]},"Q":3464},{"H":{"x":172,"n":68,"a":110},"T":[11,51],"E":{"a":[5,10,6,0,0]},"Q":3465},{"H":{"x":177,"n":64,"a":101},"T":[11,52],"E":{"a":[6,28,8,0,190]},"Q":3466},{"H":{"x":179,"n":77,"a":135},"T":[11,53],"E":{"a":[5,15,9,0,0]},"Q":3467},{"H":{"x":171,"n":73,"a":123},"T":[11,54],"E":{"a":[4,10,4,0,0]},"Q":3468},{"H":{"x":157,"n":66,"a":90},"T":[11,55],"E":{"a":[4,15,5,0,0]},"Q":3469},{"H":{"x":167,"n":65,"a":101},"T":[11,56],"E":{"a":[2,21,6,0,0]},"Q":3470},{"H":{"x":124,"n":65,"a":77},"T":[11,57],"E":{"a":[0,7,0,0,0]},"Q":3471},{"H":{"x":161,"n":69,"a":94},"T":[11,58],"E":{"a":[6,20,11,0,50]},"Q":3472},{"H":{"x":156,"n":52,"a":75},"T":[11,59],"E":{"a":[2,4,3,0,10]},"Q":3473},{"H":{"x":102,"n":64,"a":75},"T":[12,0],"E":{"a":[1,7,4,0,0]},"Q":3474},{"H":{"x":103,"n":59,"a":70},"T":[12,1],"E":{"a":[0,1,0,0,0]},"Q":3475},{"H":{"x":103,"n":52,"a":73},"T":[12,2],"E":{"a":[8,15,11,0,10]},"Q":3476},{"Q":3477,"H":{"x":94,"n":59,"a":66},"T":[12,3]},{"Q":3478,"H":{"x":113,"n":62,"a":73},"T":[12,4]},{"Q":3479,"H":{"x":120,"n":65,"a":73},"T":[12,5]},{"H":{"x":148,"n":60,"a":82},"T":[12,6],"E":{"a":[2,3,3,0,0]},"Q":3480},{"H":{"x":157,"n":62,"a":85},"T":[12,7],"E":{"a":[3,7,3,0,0]},"Q":3481},{"H":{"x":159,"n":60,"a":83},"T":[12,8],"E":{"a":[0,2,0,0,0]},"Q":3482},{"H":{"x":151,"n":62,"a":85},"T":[12,9],"E":{"a":[1,4,1,0,0]},"Q":3483},{"Q":3484,"H":{"x":86,"n":61,"a":68},"T":[12,10]},{"H":{"x":160,"n":56,"a":86},"T":[12,11],"E":{"a":[0,2,0,0,0]},"Q":3485},{"H":{"x":112,"n":61,"a":75},"T":[12,13],"P":{"d":356,"s":60,"c":18,"t":1},"E":{"a":[56,68,62,0,490]},"Q":3486},{"H":{"x":173,"n":81,"a":167},"T":[12,14],"P":{"d":186,"s":35,"c":10,"t":1},"E":{"a":[105,54,48,0,340]},"Q":3487},{"H":{"x":173,"n":173,"a":173},"T":[12,15],"P":{"d":306,"s":55,"c":16,"t":1},"E":{"a":[51,94,78,0,1160]},"Q":3488},{"H":{"x":163,"n":58,"a":109},"T":[12,15],"E":{"a":[13,57,26,0,460]},"Q":3489},{"H":{"x":174,"n":68,"a":98},"T":[12,16],"E":{"a":[1,5,1,0,0]},"Q":3490},{"H":{"x":121,"n":69,"a":89},"T":[12,18],"P":{"d":308,"s":56,"c":17,"t":1},"E":{"a":[67,78,68,0,110]},"Q":3491},{"H":{"x":84,"n":84,"a":84},"T":[12,18],"P":{"d":485,"s":86,"c":26,"t":1},"E":{"a":[171,104,104,0,100]},"Q":3492},{"H":{"x":84,"n":84,"a":84},"T":[12,18],"P":{"d":595,"s":103,"c":30,"a":17,"t":147},"Q":3493},{"H":{"x":84,"n":84,"a":84},"T":[12,19],"P":{"d":119,"s":21,"c":6,"a":4,"t":147},"Q":3494},{"H":{"x":102,"n":70,"a":85},"T":[12,20],"P":{"d":707,"s":112,"c":38,"a":4,"t":147},"E":{"a":[284,113,113,0,260]},"Q":3495},{"H":{"x":104,"n":93,"a":100},"T":[12,21],"P":{"d":643,"s":105,"c":44,"a":4,"t":147},"E":{"a":[387,103,103,0,1850]},"Q":3496},{"T":[12,22],"P":{"d":567,"s":99,"c":29,"a":4,"t":147},"E":{"a":[487,100,100,0,1130]},"Q":3497},{"H":{"x":106,"n":94,"a":100},"T":[12,23],"P":{"d":424,"s":72,"c":44,"a":4,"t":147},"E":{"a":[574,97,91,0,610]},"Q":3498},{"Q":3501,"H":{"x":106,"n":86,"a":96},"T":[12,23]},{"H":{"x":106,"n":86,"a":96},"T":[12,23],"P":{"d":37,"s":6,"c":30,"a":4,"t":147},"E":{"a":[5,11,6,0,0]},"Q":3499},{"H":{"x":106,"n":86,"a":96},"T":[12,23],"P":{"t":147,"a":2},"Q":3500},{"H":{"x":161,"n":66,"a":146},"T":[12,24],"E":{"a":[5,38,15,0,180]},"Q":3502},{"H":{"x":73,"n":73,"a":73},"T":[12,26],"P":{"s":13,"c":3,"t":1},"E":{"a":[14,77,46,0,160]},"Q":3503},{"H":{"x":77,"n":77,"a":77},"T":[12,26],"E":{"a":[1,2,1,0,40]},"Q":3504},{"H":{"x":95,"n":63,"a":86},"T":[12,27],"E":{"a":[6,17,12,0,30]},"Q":3505},{"H":{"x":171,"n":65,"a":147},"T":[12,28],"E":{"a":[3,8,3,0,0]},"Q":3506},{"H":{"x":179,"n":66,"a":144},"T":[12,29],"E":{"a":[10,29,19,0,100]},"Q":3507},{"H":{"x":165,"n":68,"a":151},"T":[12,30],"E":{"a":[4,11,4,0,0]},"Q":3508},{"H":{"x":179,"n":67,"a":156},"T":[12,31],"E":{"a":[0,10,0,0,0]},"Q":3509},{"H":{"x":177,"n":70,"a":94},"T":[12,32],"E":{"a":[12,23,16,0,90]},"Q":3510},{"H":{"x":177,"n":107,"a":142},"T":[12,33],"E":{"a":[6,28,16,0,290]},"Q":3511},{"H":{"x":160,"n":72,"a":145},"T":[12,34],"E":{"a":[8,45,25,0,60]},"Q":3512},{"H":{"x":75,"n":75,"a":75},"T":[12,35],"E":{"a":[0,10,0,0,0]},"Q":3513},{"H":{"x":66,"n":66,"a":66},"T":[12,36],"E":{"a":[1,15,1,0,0]},"Q":3514},{"H":{"x":69,"n":69,"a":69},"T":[12,37],"E":{"a":[6,38,13,0,40]},"Q":3515},{"H":{"x":70,"n":70,"a":70},"T":[12,38],"E":{"a":[1,39,1,0,0]},"Q":3516},{"H":{"x":165,"n":70,"a":105},"T":[12,39],"E":{"a":[4,39,17,0,20]},"Q":3517},{"H":{"x":123,"n":67,"a":73},"T":[12,40],"E":{"a":[17,34,25,0,0]},"Q":3518},{"H":{"x":79,"n":79,"a":79},"T":[12,42],"P":{"d":573,"s":90,"c":27,"t":1},"E":{"a":[90,108,100,0,490]},"Q":3519},{"H":{"x":93,"n":93,"a":93},"T":[12,42],"P":{"d":384,"s":64,"c":19,"t":1},"E":{"a":[221,140,131,0,1970]},"Q":3520},{"H":{"x":93,"n":93,"a":93},"T":[12,42],"P":{"d":653,"s":106,"c":36,"a":17,"t":147},"Q":3521},{"H":{"x":107,"n":64,"a":70},"T":[12,43],"P":{"d":246,"s":40,"c":12,"a":4,"t":147},"Q":3522},{"H":{"x":100,"n":70,"a":85},"T":[12,44],"P":{"d":575,"s":99,"c":29,"a":4,"t":147},"E":{"a":[324,103,103,0,1140]},"Q":3523},{"H":{"x":107,"n":87,"a":95},"T":[12,45],"P":{"d":542,"s":99,"c":39,"a":4,"t":147},"E":{"a":[421,98,97,0,530]},"Q":3524},{"H":{"x":98,"n":87,"a":91},"T":[12,46],"P":{"d":697,"s":104,"c":34,"a":4,"t":147},"E":{"a":[531,112,110,0,460]},"Q":3525},{"Q":3528,"H":{"x":102,"n":95,"a":99},"T":[12,46]},{"H":{"x":102,"n":95,"a":99},"T":[12,46],"P":{"d":383,"s":59,"c":25,"a":4,"t":147},"E":{"a":[558,106,87,0,860]},"Q":3526},{"H":{"x":102,"n":95,"a":99},"T":[12,46],"P":{"t":147,"a":2},"Q":3527},{"H":{"x":141,"n":87,"a":112},"T":[12,48],"P":{"d":250,"s":52,"c":15,"t":1},"E":{"a":[29,89,58,0,690]},"Q":3529},{"H":{"x":169,"n":87,"a":124},"T":[12,48],"E":{"a":[57,83,76,0,560]},"Q":3530},{"H":{"x":169,"n":75,"a":149},"T":[12,50],"P":{"d":113,"s":19,"c":5,"t":1},"E":{"a":[35,94,72,0,1320]},"Q":3531},{"H":{"x":146,"n":75,"a":93},"T":[12,50],"E":{"a":[4,6,4,0,80]},"Q":3532},{"Q":3533,"H":{"x":123,"n":72,"a":85},"T":[12,51]},{"H":{"x":96,"n":73,"a":83},"T":[12,52],"E":{"a":[1,6,3,0,0]},"Q":3534},{"H":{"x":127,"n":62,"a":82},"T":[12,53],"E":{"a":[3,5,4,0,0]},"Q":3535},{"H":{"x":169,"n":63,"a":87},"T":[12,54],"E":{"a":[4,16,8,0,0]},"Q":3536},{"H":{"x":103,"n":68,"a":79},"T":[12,56],"P":{"d":56,"s":12,"c":3,"t":1},"E":{"a":[11,21,15,0,40]},"Q":3537},{"H":{"x":175,"n":72,"a":150},"T":[12,56],"E":{"a":[12,1,1,0,0]},"Q":3538},{"H":{"x":169,"n":65,"a":84},"T":[12,57],"E":{"a":[2,20,7,0,0]},"Q":3539},{"H":{"x":126,"n":74,"a":83},"T":[12,58],"E":{"a":[0,5,0,0,0]},"Q":3540},{"H":{"x":118,"n":74,"a":81},"T":[12,59],"E":{"a":[0,1,0,0,0]},"Q":3541},{"H":{"x":130,"n":76,"a":84},"T":[13,0],"E":{"a":[3,7,3,0,0]},"Q":3542},{"H":{"x":133,"n":69,"a":81},"T":[13,1],"E":{"a":[0,1,0,0,0]},"Q":3543},{"H":{"x":157,"n":60,"a":85},"T":[13,2],"E":{"a":[1,7,2,0,0]},"Q":3544},{"H":{"x":93,"n":69,"a":77},"T":[13,3],"E":{"a":[2,4,1,0,0]},"Q":3545},{"H":{"x":103,"n":74,"a":78},"T":[13,4],"E":{"a":[2,6,2,0,0]},"Q":3546},{"H":{"x":89,"n":71,"a":79},"T":[13,5],"E":{"a":[0,6,0,0,0]},"Q":3547},{"H":{"x":138,"n":72,"a":85},"T":[13,6],"E":{"a":[2,5,3,0,0]},"Q":3548},{"H":{"x":88,"n":66,"a":77},"T":[13,7],"E":{"a":[0,5,0,0,0]},"Q":3549},{"H":{"x":119,"n":65,"a":75},"T":[13,8],"E":{"a":[8,13,9,0,0]},"Q":3550},{"H":{"x":177,"n":61,"a":91},"T":[13,9],"E":{"a":[12,43,18,0,70]},"Q":3551},{"H":{"x":140,"n":64,"a":90},"T":[13,10],"E":{"a":[2,12,4,0,0]},"Q":3552},{"H":{"x":179,"n":65,"a":132},"T":[13,11],"E":{"a":[12,31,21,0,90]},"Q":3553},{"H":{"x":132,"n":59,"a":82},"T":[13,12],"E":{"a":[29,21,17,0,220]},"Q":3554},{"H":{"x":167,"n":67,"a":85},"T":[13,13],"E":{"a":[2,7,2,0,0]},"Q":3555},{"H":{"x":178,"n":70,"a":134},"T":[13,14],"E":{"a":[3,15,9,0,0]},"Q":3556},{"H":{"x":166,"n":66,"a":101},"T":[13,15],"E":{"a":[4,10,4,0,0]},"Q":3557},{"H":{"x":133,"n":66,"a":94},"T":[13,16],"E":{"a":[4,21,11,0,0]},"Q":3558},{"H":{"x":116,"n":58,"a":82},"T":[13,17],"E":{"a":[2,14,6,0,0]},"Q":3559},{"H":{"x":178,"n":64,"a":91},"T":[13,18],"E":{"a":[2,6,2,0,0]},"Q":3560},{"H":{"x":160,"n":55,"a":95},"T":[13,19],"E":{"a":[7,15,11,0,0]},"Q":3561},{"H":{"x":179,"n":57,"a":118},"T":[13,20],"E":{"a":[0,2,0,0,0]},"Q":3562},{"H":{"x":160,"n":68,"a":99},"T":[13,21],"E":{"a":[1,4,1,0,0]},"Q":3563},{"H":{"x":113,"n":71,"a":82},"T":[13,22],"E":{"a":[5,22,12,0,0]},"Q":3564},{"Q":3565,"H":{"x":73,"n":73,"a":73},"T":[13,23]},{"Q":3566,"H":{"x":70,"n":70,"a":70},"T":[13,24]},{"H":{"x":127,"n":59,"a":72},"T":[13,25],"E":{"a":[11,15,11,0,0]},"Q":3567},{"Q":3568,"H":{"x":177,"n":61,"a":106},"T":[13,26]},{"H":{"x":175,"n":96,"a":147},"T":[13,27],"E":{"a":[7,9,7,0,0]},"Q":3569},{"Q":3570,"H":{"x":174,"n":59,"a":112},"T":[13,28]},{"H":{"x":151,"n":56,"a":111},"T":[13,29],"E":{"a":[2,6,4,0,0]},"Q":3571},{"H":{"x":165,"n":78,"a":95},"T":[13,31],"P":{"d":201,"s":33,"c":10,"t":1},"E":{"a":[23,33,27,0,80]},"Q":3572},{"H":{"x":177,"n":96,"a":152},"T":[13,32],"P":{"d":708,"s":111,"c":37,"t":1},"E":{"a":[50,108,77,0,760]},"Q":3573},{"H":{"x":169,"n":69,"a":120},"T":[13,33],"P":{"s":17,"c":5,"t":1},"E":{"a":[129,103,96,0,250]},"Q":3574},{"H":{"x":161,"n":74,"a":101},"T":[13,33],"E":{"a":[26,35,29,0,110]},"Q":3575},{"H":{"x":161,"n":161,"a":161},"T":[13,35],"P":{"d":287,"s":46,"c":14,"t":1},"E":{"a":[14,54,36,0,110]},"Q":3576},{"H":{"x":111,"n":82,"a":88},"T":[13,36],"P":{"d":215,"s":33,"c":10,"t":1},"E":{"a":[126,124,112,0,1310]},"Q":3577},{"H":{"x":177,"n":68,"a":114},"T":[13,36],"E":{"a":[146,63,42,0,620]},"Q":3578},{"H":{"x":133,"n":69,"a":84},"T":[13,37],"E":{"a":[2,20,4,0,0]},"Q":3579},{"H":{"x":160,"n":61,"a":97},"T":[13,39],"P":{"d":133,"s":24,"c":7,"t":1},"E":{"a":[1,11,3,0,0]},"Q":3580},{"H":{"x":115,"n":70,"a":93},"T":[13,40],"P":{"d":186,"s":29,"c":8,"t":1},"E":{"a":[49,89,64,0,1010]},"Q":3581},{"H":{"x":151,"n":66,"a":90},"T":[13,40],"E":{"a":[116,93,75,0,720]},"Q":3582},{"H":{"x":178,"n":69,"a":111},"T":[13,41],"E":{"a":[2,14,4,0,0]},"Q":3583},{"H":{"x":157,"n":146,"a":156},"T":[13,42],"E":{"a":[7,40,19,0,0]},"Q":3584},{"H":{"x":159,"n":84,"a":141},"T":[13,43],"E":{"a":[2,25,12,0,0]},"Q":3585},{"H":{"x":177,"n":73,"a":101},"T":[13,44],"E":{"a":[4,12,9,0,0]},"Q":3586},{"H":{"x":175,"n":44,"a":104},"T":[13,45],"E":{"a":[6,39,15,0,0]},"Q":3587},{"H":{"x":174,"n":62,"a":93},"T":[13,46],"E":{"a":[2,15,6,0,0]},"Q":3588},{"H":{"x":154,"n":53,"a":91},"T":[13,47],"E":{"a":[7,31,12,0,0]},"Q":3589},{"H":{"x":175,"n":73,"a":86},"T":[13,48],"E":{"a":[5,19,8,0,0]},"Q":3590},{"H":{"x":161,"n":61,"a":107},"T":[13,49],"E":{"a":[9,21,11,0,0]},"Q":3591},{"H":{"x":178,"n":67,"a":107},"T":[13,50],"E":{"a":[5,24,11,0,0]},"Q":3592},{"H":{"x":159,"n":77,"a":91},"T":[13,51],"E":{"a":[4,32,14,0,20]},"Q":3593},{"H":{"x":159,"n":81,"a":108},"T":[13,52],"E":{"a":[4,15,5,0,0]},"Q":3594},{"H":{"x":169,"n":67,"a":129},"T":[13,53],"E":{"a":[7,37,10,0,0]},"Q":3595},{"H":{"x":169,"n":71,"a":102},"T":[13,54],"E":{"a":[4,30,11,0,0]},"Q":3596},{"H":{"x":175,"n":67,"a":122},"T":[13,55],"E":{"a":[6,24,13,0,0]},"Q":3597},{"H":{"x":178,"n":79,"a":113},"T":[13,56],"E":{"a":[3,8,5,0,0]},"Q":3598},{"H":{"x":150,"n":65,"a":103},"T":[13,57],"E":{"a":[1,20,9,0,0]},"Q":3599},{"H":{"x":173,"n":55,"a":105},"T":[13,58],"E":{"a":[4,18,5,0,0]},"Q":3600},{"H":{"x":161,"n":118,"a":129},"T":[13,59],"E":{"a":[3,30,4,0,0]},"Q":3601},{"H":{"x":177,"n":93,"a":150},"T":[14,0],"E":{"a":[6,18,9,0,0]},"Q":3602},{"H":{"x":167,"n":69,"a":147},"T":[14,1],"E":{"a":[4,36,10,0,0]},"Q":3603},{"H":{"x":153,"n":107,"a":128},"T":[14,2],"E":{"a":[2,16,5,0,0]},"Q":3604},{"H":{"x":167,"n":69,"a":103},"T":[14,3],"E":{"a":[3,9,6,0,0]},"Q":3605},{"H":{"x":84,"n":75,"a":78},"T":[14,4],"E":{"a":[10,17,13,0,0]},"Q":3606},{"H":{"x":171,"n":79,"a":153},"T":[14,5],"E":{"a":[0,6,0,0,0]},"Q":3607},{"H":{"x":71,"n":71,"a":71},"T":[14,6],"E":{"a":[1,8,1,0,0]},"Q":3608},{"H":{"x":176,"n":67,"a":120},"T":[14,7],"E":{"a":[10,21,11,0,0]},"Q":3609},{"H":{"x":169,"n":71,"a":106},"T":[14,8],"E":{"a":[1,10,1,0,0]},"Q":3610},{"Q":3611,"H":{"x":162,"n":70,"a":95},"T":[14,9]},{"H":{"x":173,"n":80,"a":101},"T":[14,10],"E":{"a":[0,3,0,0,0]},"Q":3612},{"H":{"x":176,"n":72,"a":102},"T":[14,11],"E":{"a":[2,5,3,0,110]},"Q":3613},{"H":{"x":151,"n":66,"a":95},"T":[14,12],"E":{"a":[1,14,2,0,10]},"Q":3614},{"H":{"x":174,"n":81,"a":108},"T":[14,13],"E":{"a":[7,15,11,0,300]},"Q":3615},{"H":{"x":153,"n":67,"a":99},"T":[14,14],"E":{"a":[1,20,2,0,2100]},"Q":3616},{"H":{"x":149,"n":64,"a":103},"T":[14,15],"E":{"a":[1,6,1,0,2990]},"Q":3617},{"H":{"x":122,"n":77,"a":99},"T":[14,16],"E":{"a":[1,5,1,0,2960]},"Q":3618},{"H":{"x":178,"n":65,"a":153},"T":[14,17],"E":{"a":[0,1,0,0,3000]},"Q":3619},{"H":{"x":166,"n":63,"a":105},"T":[14,18],"E":{"a":[3,13,6,0,2510]},"Q":3620},{"H":{"x":148,"n":85,"a":105},"T":[14,19],"E":{"a":[0,7,0,0,2900]},"Q":3621},{"H":{"x":173,"n":65,"a":131},"T":[14,20],"E":{"a":[0,1,0,0,3000]},"Q":3622},{"Q":3623,"H":{"x":175,"n":108,"a":148},"T":[14,21]},{"H":{"x":167,"n":69,"a":147},"T":[14,22],"E":{"a":[2,4,3,0,2250]},"Q":3624},{"H":{"x":166,"n":166,"a":166},"T":[14,23],"E":{"a":[0,1,0,0,3000]},"Q":3625},{"H":{"x":178,"n":68,"a":122},"T":[14,24],"E":{"a":[0,7,0,0,3000]},"Q":3626},{"Q":3627,"H":{"x":178,"n":123,"a":156},"T":[14,25]},{"H":{"x":178,"n":66,"a":120},"T":[14,26],"E":{"a":[3,4,3,0,1200]},"Q":3628},{"H":{"x":179,"n":71,"a":121},"T":[14,27],"E":{"a":[2,4,2,0,1780]},"Q":3629},{"H":{"x":123,"n":71,"a":78},"T":[14,28],"E":{"a":[0,5,0,0,2990]},"Q":3630},{"H":{"x":134,"n":68,"a":90},"T":[14,29],"E":{"a":[2,14,5,0,1360]},"Q":3631},{"H":{"x":133,"n":78,"a":127},"T":[14,30],"E":{"a":[0,7,0,0,3000]},"Q":3632},{"H":{"x":168,"n":70,"a":81},"T":[14,31],"E":{"a":[0,4,0,0,3000]},"Q":3633},{"H":{"x":172,"n":60,"a":100},"T":[14,32],"E":{"a":[1,3,1,0,2530]},"Q":3634},{"H":{"x":174,"n":138,"a":164},"T":[14,33],"E":{"a":[0,7,0,0,2720]},"Q":3635},{"Q":3636,"H":{"x":174,"n":119,"a":160},"T":[14,34]},{"H":{"x":170,"n":73,"a":132},"T":[14,35],"E":{"a":[3,24,11,0,2070]},"Q":3637},{"H":{"x":159,"n":66,"a":141},"T":[14,36],"E":{"a":[1,6,2,0,2180]},"Q":3638},{"H":{"x":175,"n":66,"a":135},"T":[14,37],"E":{"a":[2,6,5,0,1610]},"Q":3639},{"H":{"x":130,"n":93,"a":112},"T":[14,38],"E":{"a":[1,21,4,0,0]},"Q":3640},{"H":{"x":177,"n":66,"a":113},"T":[14,39],"E":{"a":[3,23,9,0,1390]},"Q":3641},{"H":{"x":177,"n":71,"a":100},"T":[14,40],"E":{"a":[1,17,3,0,2790]},"Q":3642},{"H":{"x":167,"n":63,"a":103},"T":[14,41],"E":{"a":[1,11,1,0,2930]},"Q":3643},{"H":{"x":137,"n":76,"a":93},"T":[14,42],"E":{"a":[0,7,0,0,2990]},"Q":3644},{"H":{"x":134,"n":68,"a":89},"T":[14,43],"E":{"a":[1,4,1,0,2950]},"Q":3645},{"H":{"x":175,"n":66,"a":98},"T":[14,44],"E":{"a":[0,5,0,0,3000]},"Q":3646},{"H":{"x":150,"n":71,"a":89},"T":[14,45],"E":{"a":[0,7,0,0,2990]},"Q":3647},{"H":{"x":164,"n":76,"a":110},"T":[14,46],"E":{"a":[2,10,5,0,1990]},"Q":3648},{"H":{"x":145,"n":68,"a":93},"T":[14,47],"E":{"a":[3,18,4,0,1140]},"Q":3649},{"H":{"x":167,"n":79,"a":100},"T":[14,48],"E":{"a":[1,18,2,0,2470]},"Q":3650},{"H":{"x":174,"n":71,"a":99},"T":[14,49],"E":{"a":[3,23,9,0,0]},"Q":3651},{"H":{"x":175,"n":64,"a":105},"T":[14,50],"E":{"a":[4,41,13,0,0]},"Q":3652},{"H":{"x":157,"n":54,"a":88},"T":[14,51],"E":{"a":[5,23,10,0,0]},"Q":3653},{"H":{"x":167,"n":70,"a":91},"T":[14,52],"E":{"a":[7,18,9,0,90]},"Q":3654},{"H":{"x":177,"n":70,"a":115},"T":[14,53],"E":{"a":[7,26,3,0,0]},"Q":3655},{"H":{"x":174,"n":59,"a":121},"T":[14,55],"P":{"d":314,"s":65,"c":19,"t":1},"E":{"a":[73,84,74,0,1170]},"Q":3656},{"H":{"x":146,"n":53,"a":90},"T":[14,56],"P":{"d":89,"s":15,"c":4,"t":1},"E":{"a":[100,29,27,0,2580]},"Q":3657},{"H":{"x":176,"n":73,"a":129},"T":[14,57],"P":{"d":518,"s":91,"c":27,"t":1},"E":{"a":[94,123,110,0,1650]},"Q":3658},{"H":{"x":161,"n":66,"a":102},"T":[14,57],"E":{"a":[138,60,52,0,870]},"Q":3659},{"Q":3660,"H":{"x":113,"n":61,"a":75},"T":[14,58]},{"H":{"x":172,"n":61,"a":89},"T":[14,59],"E":{"a":[1,5,1,0,0]},"Q":3661},{"H":{"x":155,"n":71,"a":89},"T":[15,0],"E":{"a":[0,1,0,0,0]},"Q":3662},{"H":{"x":142,"n":76,"a":90},"T":[15,1],"E":{"a":[2,6,3,0,0]},"Q":3663},{"H":{"x":156,"n":68,"a":94},"T":[15,2],"E":{"a":[3,9,5,0,0]},"Q":3664},{"H":{"x":174,"n":62,"a":89},"T":[15,3],"E":{"a":[4,15,8,0,50]},"Q":3665},{"H":{"x":149,"n":66,"a":94},"T":[15,4],"E":{"a":[2,3,2,0,0]},"Q":3666},{"H":{"x":146,"n":73,"a":90},"T":[15,5],"E":{"a":[1,4,1,0,0]},"Q":3667},{"Q":3668,"H":{"x":130,"n":67,"a":89},"T":[15,6]},{"H":{"x":175,"n":74,"a":110},"T":[15,7],"E":{"a":[2,5,2,0,0]},"Q":3669},{"H":{"x":174,"n":63,"a":103},"T":[15,8],"E":{"a":[2,3,1,0,0]},"Q":3670},{"H":{"x":173,"n":66,"a":103},"T":[15,9],"E":{"a":[12,12,12,0,0]},"Q":3671},{"H":{"x":152,"n":68,"a":109},"T":[15,11],"P":{"d":241,"s":45,"c":13,"t":1},"E":{"a":[14,42,24,0,110]},"Q":3672},{"H":{"x":170,"n":74,"a":128},"T":[15,12],"P":{"d":22,"s":1,"c":5,"t":1},"E":{"a":[46,69,63,0,110]},"Q":3673},{"H":{"x":178,"n":58,"a":99},"T":[15,12],"E":{"a":[4,30,13,0,60]},"Q":3674},{"H":{"x":155,"n":67,"a":97},"T":[15,13],"E":{"a":[4,13,6,0,10]},"Q":3675},{"H":{"x":162,"n":63,"a":92},"T":[15,14],"E":{"a":[2,15,4,0,0]},"Q":3676},{"H":{"x":178,"n":74,"a":107},"T":[15,15],"E":{"a":[2,11,4,0,520]},"Q":3677},{"H":{"x":171,"n":74,"a":100},"T":[15,16],"E":{"a":[3,11,7,0,870]},"Q":3678},{"H":{"x":145,"n":58,"a":99},"T":[15,17],"E":{"a":[4,15,5,0,240]},"Q":3679},{"H":{"x":144,"n":67,"a":93},"T":[15,18],"E":{"a":[4,13,6,0,100]},"Q":3680},{"H":{"x":173,"n":65,"a":91},"T":[15,19],"E":{"a":[0,2,0,0,0]},"Q":3681},{"H":{"x":159,"n":62,"a":103},"T":[15,20],"E":{"a":[4,12,4,0,0]},"Q":3682},{"H":{"x":175,"n":69,"a":110},"T":[15,21],"E":{"a":[5,26,13,0,30]},"Q":3683},{"H":{"x":148,"n":62,"a":88},"T":[15,22],"E":{"a":[6,15,9,0,20]},"Q":3684},{"H":{"x":136,"n":67,"a":85},"T":[15,23],"E":{"a":[3,11,5,0,980]},"Q":3685},{"H":{"x":176,"n":53,"a":98},"T":[15,24],"E":{"a":[1,7,1,0,0]},"Q":3686},{"H":{"x":176,"n":57,"a":106},"T":[15,25],"E":{"a":[4,13,11,0,270]},"Q":3687},{"H":{"x":142,"n":61,"a":97},"T":[15,26],"E":{"a":[2,10,2,0,0]},"Q":3688},{"H":{"x":171,"n":70,"a":119},"T":[15,27],"E":{"a":[5,24,11,0,10]},"Q":3689},{"Q":3690,"E":{"a":[6,42,15,1,0]},"T":[15,29]},{"Q":3691,"E":{"a":[3,31,10,1,0]},"T":[15,30]},{"Q":3692,"T":[15,31]},{"Q":3693,"E":{"a":[9,67,38,1,60]},"T":[15,32]},{"Q":3694,"E":{"a":[5,58,21,1,10]},"T":[15,33]},{"Q":3695,"E":{"a":[3,49,16,2,0]},"T":[15,34]},{"Q":3696,"E":{"a":[18,73,41,2,80]},"T":[15,35]},{"Q":3697,"E":{"a":[37,86,61,1,140]},"T":[15,36]},{"Q":3698,"E":{"a":[8,65,27,1,140]},"T":[15,37]},{"T":[15,38],"P":{"d":107,"s":25,"c":7,"t":1},"E":{"a":[29,82,57,2,350]},"Q":3699},{"T":[15,39],"P":{"d":52,"s":13,"c":3,"t":1},"E":{"a":[86,98,87,2,260]},"Q":3700},{"H":{"x":159,"n":141,"a":153},"T":[15,39],"E":{"a":[25,69,38,2,10]},"Q":3701},{"H":{"x":172,"n":63,"a":139},"T":[15,41],"P":{"d":265,"s":37,"c":11,"t":1},"E":{"a":[46,79,64,0,40]},"Q":3702},{"H":{"x":177,"n":67,"a":91},"T":[15,42],"P":{"d":501,"s":68,"c":20,"t":1},"E":{"a":[83,106,91,0,270]},"Q":3703},{"H":{"x":177,"n":92,"a":128},"T":[15,42],"E":{"a":[80,85,81,0,270]},"Q":3704},{"Q":3705,"H":{"x":169,"n":89,"a":146},"T":[15,43]},{"Q":3706,"H":{"x":171,"n":68,"a":158},"T":[15,44]},{"Q":3707,"H":{"x":173,"n":67,"a":145},"T":[15,45]},{"Q":3708,"H":{"x":178,"n":42,"a":90},"T":[15,46]},{"Q":3709,"H":{"x":177,"n":41,"a":102},"T":[15,47]},{"Q":3710,"H":{"x":167,"n":73,"a":121},"T":[15,48]},{"Q":3711,"H":{"x":175,"n":60,"a":120},"T":[15,49]},{"Q":3712,"E":{"a":[2,3,3,1,0]},"T":[15,51]},{"Q":3713,"E":{"a":[14,32,24,2,0]},"T":[16,17]},{"Q":3714,"H":{"x":69,"n":69,"a":69},"T":[16,17]},{"Q":3715,"H":{"x":67,"n":67,"a":67},"T":[16,18]},{"Q":3716,"H":{"x":64,"n":64,"a":64},"T":[16,19]},{"Q":3717,"H":{"x":64,"n":49,"a":50},"T":[16,20]},{"Q":3718,"H":{"x":63,"n":49,"a":53},"T":[16,21]},{"Q":3719,"H":{"x":75,"n":45,"a":53},"T":[16,22]},{"Q":3720,"H":{"x":49,"n":43,"a":44},"T":[16,23]},{"Q":3721,"H":{"x":91,"n":43,"a":57},"T":[16,24]},{"Q":3722,"H":{"x":57,"n":57,"a":57},"T":[16,25]},{"Q":3723,"H":{"x":65,"n":49,"a":53},"T":[16,26]},{"Q":3724,"H":{"x":49,"n":49,"a":49},"T":[16,27]},{"Q":3725,"H":{"x":63,"n":63,"a":63},"T":[16,28]},{"Q":3726,"H":{"x":63,"n":59,"a":59},"T":[16,29]},{"Q":3727,"E":{"a":[1,1,1,1,0]},"T":[16,31]},{"Q":3728,"T":[19,9]},{"Q":3729,"E":{"a":[5,17,9,1,0]},"T":[19,10]},{"Q":3730,"T":[19,13]},{"Q":3731,"E":{"a":[5,16,11,1,10]},"T":[19,14]},{"H":{"x":149,"n":116,"a":130},"T":[19,48],"P":{"d":58,"s":12,"c":3,"t":1},"E":{"a":[7,22,14,2,10]},"Q":3732},{"H":{"x":175,"n":91,"a":128},"T":[19,49],"P":{"d":136,"s":22,"c":6,"t":1},"E":{"a":[25,98,64,0,1850]},"Q":3733},{"H":{"x":154,"n":72,"a":100},"T":[19,50],"P":{"d":109,"s":17,"c":5,"t":1},"E":{"a":[24,84,56,0,1330]},"Q":3734},{"H":{"x":126,"n":102,"a":109},"T":[19,51],"P":{"d":372,"s":62,"c":19,"t":1},"E":{"a":[46,109,94,0,1890]},"Q":3735},{"H":{"x":127,"n":63,"a":84},"T":[19,52],"P":{"d":191,"s":32,"c":9,"t":1},"E":{"a":[38,60,50,0,330]},"Q":3736},{"H":{"x":169,"n":63,"a":83},"T":[19,53],"P":{"d":265,"s":45,"c":13,"t":1},"E":{"a":[52,77,65,0,340]},"Q":3737},{"H":{"x":170,"n":74,"a":97},"T":[19,53],"E":{"a":[79,43,32,0,390]},"Q":3738},{"H":{"x":172,"n":62,"a":118},"T":[19,55],"P":{"d":119,"s":25,"c":7,"t":1},"E":{"a":[10,28,18,0,170]},"Q":3739},{"H":{"x":175,"n":130,"a":157},"T":[19,56],"P":{"d":659,"s":108,"c":36,"t":1},"E":{"a":[115,126,116,0,1980]},"Q":3740},{"H":{"x":173,"n":116,"a":163},"T":[19,56],"P":{"d":498,"s":72,"c":22,"t":1},"E":{"a":[251,145,136,0,1740]},"Q":3741},{"H":{"x":173,"n":116,"a":163},"T":[19,56],"P":{"d":758,"s":116,"c":42,"a":17,"t":147},"Q":3742},{"H":{"x":173,"n":64,"a":130},"T":[19,57],"P":{"d":200,"s":33,"c":31,"a":4,"t":147},"Q":3743},{"Q":3746,"H":{"x":166,"n":68,"a":87},"T":[19,57]},{"H":{"x":90,"n":68,"a":76},"T":[19,57],"P":{"d":137,"s":27,"c":8,"a":4,"t":147},"E":{"a":[270,84,57,0,1520]},"Q":3744},{"H":{"x":90,"n":68,"a":76},"T":[19,57],"P":{"t":147,"a":2},"Q":3745},{"H":{"x":145,"n":101,"a":105},"T":[19,58],"E":{"a":[19,56,24,0,0]},"Q":3747},{"H":{"x":70,"n":70,"a":70},"T":[19,59],"E":{"a":[19,9,4,0,0]},"Q":3748},{"H":{"x":134,"n":63,"a":95},"T":[20,0],"E":{"a":[4,28,6,0,50]},"Q":3749},{"H":{"x":100,"n":72,"a":86},"T":[20,1],"E":{"a":[1,34,4,0,0]},"Q":3750},{"H":{"x":91,"n":86,"a":88},"T":[20,2],"E":{"a":[2,34,2,0,0]},"Q":3751},{"H":{"x":70,"n":70,"a":70},"T":[20,3],"E":{"a":[7,51,14,0,0]},"Q":3752},{"H":{"x":165,"n":70,"a":110},"T":[20,4],"E":{"a":[6,28,9,0,0]},"Q":3753},{"H":{"x":154,"n":70,"a":103},"T":[20,5],"E":{"a":[1,17,3,0,0]},"Q":3754},{"H":{"x":171,"n":71,"a":115},"T":[20,7],"P":{"d":65,"s":13,"c":3,"t":1},"E":{"a":[28,53,35,0,830]},"Q":3755},{"H":{"x":93,"n":72,"a":81},"T":[20,8],"P":{"d":328,"s":57,"c":17,"t":1},"E":{"a":[36,50,42,0,310]},"Q":3756},{"H":{"x":175,"n":81,"a":151},"T":[20,8],"P":{"d":352,"s":64,"c":19,"t":1},"E":{"a":[71,116,101,0,1210]},"Q":3757},{"H":{"x":175,"n":81,"a":151},"T":[20,8],"P":{"d":524,"s":94,"c":28,"a":17,"t":147},"Q":3758},{"H":{"x":175,"n":60,"a":87},"T":[20,9],"P":{"d":202,"s":32,"c":9,"a":4,"t":147},"Q":3759},{"H":{"x":85,"n":68,"a":78},"T":[20,10],"P":{"d":237,"s":42,"c":12,"a":4,"t":147},"E":{"a":[90,74,55,0,1240]},"Q":3760},{"H":{"x":95,"n":78,"a":86},"T":[20,11],"P":{"d":429,"s":61,"c":18,"a":4,"t":147},"E":{"a":[49,87,76,0,550]},"Q":3761},{"Q":3764,"H":{"x":89,"n":65,"a":71},"T":[20,11]},{"H":{"x":80,"n":65,"a":70},"T":[20,11],"P":{"d":38,"s":11,"c":3,"a":4,"t":147},"E":{"a":[53,39,17,0,0]},"Q":3762},{"H":{"x":80,"n":65,"a":70},"T":[20,11],"P":{"t":147,"a":2},"Q":3763},{"H":{"x":153,"n":63,"a":89},"T":[20,12],"E":{"a":[4,169,12,0,900]},"Q":3765},{"H":{"x":116,"n":60,"a":90},"T":[20,13],"E":{"a":[5,174,17,0,480]},"Q":3766},{"H":{"x":100,"n":69,"a":76},"T":[20,14],"E":{"a":[3,80,9,0,160]},"Q":3767},{"H":{"x":138,"n":75,"a":105},"T":[20,15],"E":{"a":[3,52,9,0,0]},"Q":3768},{"H":{"x":137,"n":59,"a":91},"T":[20,16],"E":{"a":[3,47,9,0,130]},"Q":3769},{"H":{"x":177,"n":69,"a":108},"T":[20,17],"E":{"a":[3,76,5,0,0]},"Q":3770},{"H":{"x":178,"n":86,"a":139},"T":[20,18],"E":{"a":[3,38,6,0,0]},"Q":3771},{"H":{"x":169,"n":76,"a":105},"T":[20,19],"E":{"a":[2,46,3,0,0]},"Q":3772},{"H":{"x":148,"n":64,"a":100},"T":[20,20],"E":{"a":[3,22,7,0,90]},"Q":3773},{"H":{"x":113,"n":98,"a":107},"T":[20,21],"E":{"a":[0,39,0,0,0]},"Q":3774},{"H":{"x":171,"n":82,"a":115},"T":[20,22],"E":{"a":[4,26,6,0,170]},"Q":3775},{"H":{"x":117,"n":117,"a":117},"T":[20,24],"P":{"d":323,"s":63,"c":19,"t":1},"E":{"a":[69,109,82,0,820]},"Q":3776},{"H":{"x":179,"n":92,"a":137},"T":[20,25],"P":{"d":573,"s":100,"c":30,"t":1},"E":{"a":[102,130,120,0,1660]},"Q":3777},{"H":{"x":170,"n":144,"a":168},"T":[20,25],"P":{"d":243,"s":42,"c":12,"t":1},"E":{"a":[209,129,122,0,1590]},"Q":3778},{"H":{"x":170,"n":144,"a":168},"T":[20,25],"P":{"d":578,"s":99,"c":29,"a":17,"t":147},"Q":3779},{"H":{"x":170,"n":56,"a":109},"T":[20,26],"P":{"d":358,"s":62,"c":32,"a":4,"t":147},"Q":3780},{"H":{"x":80,"n":63,"a":74},"T":[20,27],"P":{"d":386,"s":66,"c":20,"a":4,"t":147},"E":{"a":[306,99,97,0,890]},"Q":3781},{"Q":3784,"H":{"x":115,"n":79,"a":88},"T":[20,27]},{"H":{"x":93,"n":79,"a":87},"T":[20,27],"P":{"d":62,"s":13,"c":3,"a":4,"t":147},"E":{"a":[24,58,43,0,800]},"Q":3782},{"H":{"x":93,"n":79,"a":87},"T":[20,27],"P":{"t":147,"a":2},"Q":3783},{"H":{"x":155,"n":68,"a":117},"T":[20,28],"E":{"a":[7,21,9,0,0]},"Q":3785},{"H":{"x":177,"n":66,"a":125},"T":[20,29],"E":{"a":[3,15,8,0,0]},"Q":3786},{"H":{"x":164,"n":82,"a":149},"T":[20,30],"E":{"a":[0,1,0,0,0]},"Q":3787},{"H":{"x":165,"n":64,"a":148},"T":[20,31],"E":{"a":[0,5,0,0,0]},"Q":3788},{"H":{"x":139,"n":64,"a":94},"T":[20,32],"E":{"a":[0,3,0,0,0]},"Q":3789},{"H":{"x":174,"n":64,"a":131},"T":[20,33],"E":{"a":[0,1,0,0,0]},"Q":3790},{"H":{"x":118,"n":72,"a":84},"T":[20,34],"E":{"a":[2,7,4,0,0]},"Q":3791},{"H":{"x":70,"n":70,"a":70},"T":[20,35],"E":{"a":[0,3,0,0,0]},"Q":3792},{"H":{"x":157,"n":63,"a":134},"T":[20,36],"E":{"a":[0,1,0,0,0]},"Q":3793},{"Q":3794,"H":{"x":146,"n":146,"a":146},"T":[20,37]},{"H":{"x":63,"n":63,"a":63},"T":[20,39],"P":{"d":257,"s":43,"c":13,"t":1},"E":{"a":[2,10,5,0,0]},"Q":3795},{"H":{"x":150,"n":73,"a":111},"T":[20,40],"P":{"d":343,"s":58,"c":17,"t":1},"E":{"a":[56,109,102,0,880]},"Q":3796},{"H":{"x":163,"n":115,"a":151},"T":[20,41],"P":{"d":379,"s":64,"c":19,"t":1},"E":{"a":[58,77,66,0,1570]},"Q":3797},{"H":{"x":85,"n":85,"a":85},"T":[20,42],"P":{"s":2,"c":5,"t":1},"E":{"a":[43,91,72,0,130]},"Q":3798},{"H":{"x":87,"n":87,"a":87},"T":[20,42],"E":{"a":[8,42,27,0,60]},"Q":3799},{"H":{"x":75,"n":75,"a":75},"T":[20,43],"E":{"a":[11,33,15,0,400]},"Q":3800},{"H":{"x":100,"n":75,"a":96},"T":[20,44],"E":{"a":[4,11,5,0,1310]},"Q":3801},{"H":{"x":86,"n":83,"a":84},"T":[20,45],"E":{"a":[2,5,2,0,580]},"Q":3802},{"H":{"x":61,"n":61,"a":61},"T":[20,46],"E":{"a":[6,12,7,0,1500]},"Q":3803},{"Q":3804,"H":{"x":68,"n":68,"a":68},"T":[20,47]},{"Q":3805,"H":{"x":72,"n":72,"a":72},"T":[20,48]},{"Q":3806,"H":{"x":73,"n":73,"a":73},"T":[20,49]},{"H":{"x":73,"n":73,"a":73},"T":[20,50],"E":{"a":[4,16,10,0,40]},"Q":3807},{"H":{"x":67,"n":67,"a":67},"T":[20,51],"E":{"a":[1,1,1,0,0]},"Q":3808},{"Q":3809,"H":{"x":72,"n":72,"a":72},"T":[20,52]},{"Q":3810,"H":{"x":63,"n":63,"a":63},"T":[20,53]},{"H":{"x":64,"n":64,"a":64},"T":[20,54],"E":{"a":[3,6,3,0,0]},"Q":3811},{"H":{"x":89,"n":64,"a":73},"T":[20,55],"E":{"a":[0,2,0,0,0]},"Q":3812},{"H":{"x":70,"n":70,"a":70},"T":[20,56],"E":{"a":[1,6,2,0,0]},"Q":3813},{"H":{"x":69,"n":69,"a":69},"T":[20,57],"E":{"a":[7,31,17,0,0]},"Q":3814},{"H":{"x":102,"n":67,"a":96},"T":[20,58],"E":{"a":[0,3,0,0,0]},"Q":3815},{"H":{"x":100,"n":100,"a":100},"T":[20,59],"E":{"a":[1,3,1,0,0]},"Q":3816},{"H":{"x":173,"n":44,"a":79},"T":[21,0],"E":{"a":[0,3,0,0,0]},"Q":3817},{"Q":3818,"H":{"x":149,"n":64,"a":96},"T":[21,1]},{"H":{"x":68,"n":68,"a":68},"T":[21,2],"E":{"a":[1,4,1,0,0]},"Q":3819},{"Q":3820,"H":{"x":66,"n":66,"a":66},"T":[21,3]},{"H":{"x":67,"n":67,"a":67},"T":[21,4],"E":{"a":[1,4,2,0,0]},"Q":3821},{"Q":3822,"H":{"x":77,"n":60,"a":66},"T":[21,5]},{"H":{"x":170,"n":65,"a":86},"T":[21,6],"E":{"a":[0,2,0,0,0]},"Q":3823},{"H":{"x":90,"n":90,"a":90},"T":[21,7],"E":{"a":[0,1,0,0,0]},"Q":3824},{"H":{"x":72,"n":72,"a":72},"T":[21,8],"E":{"a":[2,5,3,0,0]},"Q":3825},{"H":{"x":68,"n":68,"a":68},"T":[21,9],"E":{"a":[1,2,2,0,0]},"Q":3826},{"H":{"x":87,"n":64,"a":80},"T":[21,10],"E":{"a":[1,16,3,0,490]},"Q":3827},{"H":{"x":85,"n":85,"a":85},"T":[21,11],"E":{"a":[2,3,2,0,210]},"Q":3828},{"H":{"x":71,"n":71,"a":71},"T":[21,12],"E":{"a":[1,3,2,0,30]},"Q":3829},{"H":{"x":71,"n":71,"a":71},"T":[21,13],"E":{"a":[2,11,6,0,10]},"Q":3830},{"H":{"x":166,"n":64,"a":96},"T":[21,14],"E":{"a":[1,5,4,0,20]},"Q":3831},{"H":{"x":142,"n":65,"a":84},"T":[21,15],"E":{"a":[3,4,3,0,0]},"Q":3832},{"Q":3833,"H":{"x":130,"n":65,"a":82},"T":[21,16]},{"Q":3834,"H":{"x":102,"n":70,"a":78},"T":[21,17]},{"H":{"x":65,"n":65,"a":65},"T":[21,18],"E":{"a":[2,11,3,0,60]},"Q":3835},{"Q":3836,"H":{"x":74,"n":74,"a":74},"T":[21,19]},{"Q":3837,"H":{"x":69,"n":69,"a":69},"T":[21,20]},{"Q":3838,"H":{"x":64,"n":64,"a":64},"T":[21,21]},{"H":{"x":64,"n":64,"a":64},"T":[21,22],"E":{"a":[0,4,0,0,0]},"Q":3839},{"H":{"x":62,"n":62,"a":62},"T":[21,23],"E":{"a":[0,2,0,0,0]},"Q":3840},{"Q":3841,"H":{"x":61,"n":61,"a":61},"T":[21,24]},{"Q":3842,"H":{"x":60,"n":60,"a":60},"T":[21,25]},{"H":{"x":60,"n":60,"a":60},"T":[21,26],"E":{"a":[2,5,2,0,0]},"Q":3843},{"Q":3844,"H":{"x":67,"n":67,"a":67},"T":[21,27]},{"H":{"x":64,"n":64,"a":64},"T":[21,28],"E":{"a":[0,1,0,0,0]},"Q":3845},{"H":{"x":63,"n":63,"a":63},"T":[21,29],"E":{"a":[0,3,0,0,0]},"Q":3846},{"H":{"x":63,"n":63,"a":63},"T":[21,30],"E":{"a":[2,6,3,0,0]},"Q":3847},{"H":{"x":71,"n":71,"a":71},"T":[21,31],"E":{"a":[0,4,0,0,0]},"Q":3848},{"H":{"x":65,"n":65,"a":65},"T":[21,32],"E":{"a":[3,6,4,0,0]},"Q":3849},{"Q":3850,"H":{"x":66,"n":66,"a":66},"T":[21,33]},{"Q":3851,"H":{"x":69,"n":69,"a":69},"T":[21,34]},{"Q":3852,"H":{"x":69,"n":69,"a":69},"T":[21,35]},{"H":{"x":69,"n":69,"a":69},"T":[21,36],"E":{"a":[0,3,0,0,0]},"Q":3853},{"Q":3854,"H":{"x":69,"n":69,"a":69},"T":[21,37]},{"Q":3855,"H":{"x":67,"n":67,"a":67},"T":[21,38]},{"H":{"x":65,"n":65,"a":65},"T":[21,39],"E":{"a":[0,2,0,0,0]},"Q":3856},{"Q":3857,"H":{"x":65,"n":65,"a":65},"T":[21,40]},{"Q":3858,"H":{"x":65,"n":65,"a":65},"T":[21,41]},{"Q":3859,"H":{"x":64,"n":64,"a":64},"T":[21,42]},{"H":{"x":65,"n":65,"a":65},"T":[21,43],"E":{"a":[1,12,3,0,0]},"Q":3860},{"H":{"x":67,"n":67,"a":67},"T":[21,44],"E":{"a":[1,8,0,0,0]},"Q":3861},{"H":{"x":63,"n":63,"a":63},"T":[21,45],"E":{"a":[0,6,0,0,0]},"Q":3862},{"Q":3863,"H":{"x":64,"n":64,"a":64},"T":[21,46]},{"H":{"x":63,"n":63,"a":63},"T":[21,47],"E":{"a":[0,2,0,0,0]},"Q":3864},{"Q":3865,"H":{"x":61,"n":61,"a":61},"T":[21,48]},{"H":{"x":58,"n":58,"a":58},"T":[21,49],"E":{"a":[2,14,4,0,0]},"Q":3866},{"H":{"x":64,"n":64,"a":64},"T":[21,50],"E":{"a":[0,5,0,0,0]},"Q":3867},{"H":{"x":62,"n":62,"a":62},"T":[21,51],"E":{"a":[0,9,0,0,0]},"Q":3868},{"Q":3869,"H":{"x":62,"n":62,"a":62},"T":[21,52]},{"H":{"x":62,"n":62,"a":62},"T":[21,53],"E":{"a":[2,2,2,0,0]},"Q":3870},{"H":{"x":61,"n":61,"a":61},"T":[21,54],"E":{"a":[0,1,0,0,10]},"Q":3871},{"H":{"x":67,"n":67,"a":67},"T":[21,55],"E":{"a":[1,6,1,0,0]},"Q":3872},{"H":{"x":67,"n":67,"a":67},"T":[21,56],"E":{"a":[0,2,0,0,0]},"Q":3873},{"H":{"x":68,"n":68,"a":68},"T":[21,57],"E":{"a":[0,1,0,0,10]},"Q":3874},{"H":{"x":68,"n":68,"a":68},"T":[21,58],"E":{"a":[2,4,2,0,0]},"Q":3875},{"H":{"x":68,"n":68,"a":68},"T":[21,59],"E":{"a":[0,11,0,0,0]},"Q":3876},{"Q":3877,"H":{"x":69,"n":69,"a":69},"T":[22,0]},{"H":{"x":71,"n":71,"a":71},"T":[22,1],"E":{"a":[0,1,0,0,0]},"Q":3878},{"Q":3879,"H":{"x":73,"n":73,"a":73},"T":[22,2]},{"Q":3880,"H":{"x":74,"n":74,"a":74},"T":[22,3]},{"Q":3881,"H":{"x":74,"n":74,"a":74},"T":[22,4]},{"H":{"x":74,"n":74,"a":74},"T":[22,5],"E":{"a":[1,3,1,0,0]},"Q":3882},{"H":{"x":62,"n":62,"a":62},"T":[22,6],"E":{"a":[0,2,0,0,0]},"Q":3883},{"Q":3884,"H":{"x":62,"n":62,"a":62},"T":[22,7]},{"H":{"x":61,"n":61,"a":61},"T":[22,8],"E":{"a":[0,2,0,0,0]},"Q":3885},{"H":{"x":60,"n":60,"a":60},"T":[22,9],"E":{"a":[0,6,0,0,0]},"Q":3886},{"Q":3887,"H":{"x":60,"n":60,"a":60},"T":[22,10]},{"Q":3888,"H":{"x":60,"n":60,"a":60},"T":[22,11]},{"H":{"x":60,"n":60,"a":60},"T":[22,12],"E":{"a":[0,2,0,0,0]},"Q":3889},{"H":{"x":61,"n":61,"a":61},"T":[22,13],"E":{"a":[3,7,3,0,0]},"Q":3890},{"H":{"x":64,"n":64,"a":64},"T":[22,14],"E":{"a":[0,6,0,0,0]},"Q":3891},{"H":{"x":62,"n":62,"a":62},"T":[22,15],"E":{"a":[0,6,0,0,0]},"Q":3892},{"H":{"x":63,"n":63,"a":63},"T":[22,16],"E":{"a":[1,5,1,0,10]},"Q":3893},{"H":{"x":62,"n":62,"a":62},"T":[22,17],"E":{"a":[0,3,0,0,0]},"Q":3894},{"H":{"x":66,"n":66,"a":66},"T":[22,18],"E":{"a":[0,4,0,0,490]},"Q":3895},{"H":{"x":64,"n":64,"a":64},"T":[22,19],"E":{"a":[2,17,2,0,280]},"Q":3896},{"H":{"x":144,"n":68,"a":107},"T":[22,20],"E":{"a":[16,74,28,0,1170]},"Q":3897},{"H":{"x":116,"n":83,"a":98},"T":[22,21],"E":{"a":[27,46,41,0,1900]},"Q":3898},{"H":{"x":80,"n":80,"a":80},"T":[22,22],"E":{"a":[63,73,47,0,810]},"Q":3899},{"H":{"x":80,"n":80,"a":80},"T":[22,23],"E":{"a":[23,88,52,0,550]},"Q":3900},{"H":{"x":77,"n":77,"a":77},"T":[22,25],"P":{"d":126,"s":26,"c":7,"t":1},"E":{"a":[20,104,57,0,1060]},"Q":3901},{"H":{"x":82,"n":82,"a":82},"T":[22,26],"P":{"d":400,"s":76,"c":23,"t":1},"E":{"a":[76,109,92,0,930]},"Q":3902},{"H":{"x":164,"n":82,"a":121},"T":[22,27],"P":{"d":55,"s":10,"c":3,"t":1},"E":{"a":[162,104,89,0,1110]},"Q":3903},{"H":{"x":169,"n":95,"a":133},"T":[22,28],"P":{"d":71,"s":15,"c":4,"t":1},"E":{"a":[7,45,16,0,30]},"Q":3904},{"H":{"x":160,"n":108,"a":133},"T":[22,28],"E":{"a":[14,101,40,0,1000]},"Q":3905},{"H":{"x":171,"n":160,"a":170},"T":[22,29],"E":{"a":[1,63,9,0,0]},"Q":3906},{"H":{"x":174,"n":66,"a":134},"T":[22,31],"P":{"s":14,"c":4,"t":1},"E":{"a":[3,64,11,0,300]},"Q":3907},{"H":{"x":174,"n":174,"a":174},"T":[22,32],"P":{"d":222,"s":28,"c":8,"t":1},"E":{"a":[58,121,69,0,1400]},"Q":3908},{"H":{"x":176,"n":90,"a":131},"T":[22,32],"E":{"a":[61,93,53,0,240]},"Q":3909},{"H":{"x":163,"n":65,"a":108},"T":[22,33],"E":{"a":[3,31,3,0,0]},"Q":3910},{"H":{"x":159,"n":67,"a":101},"T":[22,34],"E":{"a":[2,22,4,0,0]},"Q":3911},{"H":{"x":153,"n":74,"a":113},"T":[22,35],"E":{"a":[1,18,1,0,0]},"Q":3912},{"H":{"x":176,"n":76,"a":122},"T":[22,36],"E":{"a":[4,37,7,0,0]},"Q":3913},{"H":{"x":179,"n":74,"a":129},"T":[22,37],"E":{"a":[0,10,0,0,0]},"Q":3914},{"H":{"x":178,"n":64,"a":120},"T":[22,38],"E":{"a":[0,12,0,0,0]},"Q":3915},{"H":{"x":174,"n":90,"a":146},"T":[22,39],"E":{"a":[2,23,4,0,0]},"Q":3916},{"H":{"x":138,"n":84,"a":92},"T":[22,40],"E":{"a":[2,40,4,0,0]},"Q":3917},{"H":{"x":84,"n":84,"a":84},"T":[22,42],"P":{"d":320,"s":61,"c":18,"t":1},"E":{"a":[7,47,13,0,100]},"Q":3918},{"H":{"x":72,"n":72,"a":72},"T":[22,43],"P":{"d":592,"s":102,"c":30,"t":1},"E":{"a":[108,119,107,0,1480]},"Q":3919},{"H":{"x":101,"n":101,"a":101},"T":[22,43],"P":{"d":125,"s":24,"c":7,"t":1},"E":{"a":[214,113,106,0,1810]},"Q":3920},{"H":{"x":101,"n":101,"a":101},"T":[22,43],"P":{"d":599,"s":103,"c":30,"a":17,"t":147},"Q":3921},{"H":{"x":101,"n":58,"a":75},"T":[22,44],"P":{"d":462,"s":81,"c":24,"a":4,"t":147},"Q":3922},{"H":{"x":96,"n":85,"a":90},"T":[22,45],"P":{"d":519,"s":91,"c":33,"a":4,"t":147},"E":{"a":[320,106,106,0,1790]},"Q":3923},{"H":{"x":101,"n":92,"a":95},"T":[22,46],"P":{"d":585,"s":101,"c":39,"a":4,"t":147},"E":{"a":[380,95,89,0,1910]},"Q":3924},{"H":{"x":92,"n":87,"a":89},"T":[22,46],"E":{"a":[15,55,34,0,1150]},"Q":3926},{"H":{"x":99,"n":84,"a":93},"T":[22,47],"P":{"d":261,"s":46,"c":36,"a":4,"t":147},"E":{"a":[107,95,92,0,1630]},"Q":3925},{"Q":3928,"H":{"x":163,"n":87,"a":119},"T":[22,47]},{"H":{"x":92,"n":87,"a":89},"T":[22,47],"P":{"t":147,"a":2},"Q":3927},{"H":{"x":128,"n":70,"a":96},"T":[22,48],"E":{"a":[15,92,44,0,1340]},"Q":3929},{"H":{"x":128,"n":84,"a":122},"T":[22,49],"E":{"a":[8,35,24,0,0]},"Q":3930},{"H":{"x":77,"n":77,"a":77},"T":[22,50],"E":{"a":[5,9,6,0,0]},"Q":3931},{"H":{"x":68,"n":68,"a":68},"T":[22,51],"E":{"a":[4,27,10,0,110]},"Q":3932},{"H":{"x":71,"n":71,"a":71},"T":[22,52],"E":{"a":[4,42,16,0,0]},"Q":3933},{"H":{"x":97,"n":68,"a":83},"T":[22,53],"E":{"a":[25,65,50,0,250]},"Q":3934},{"H":{"x":78,"n":78,"a":78},"T":[22,54],"E":{"a":[9,42,22,0,100]},"Q":3935},{"H":{"x":167,"n":68,"a":87},"T":[22,55],"E":{"a":[8,31,7,0,0]},"Q":3936},{"H":{"x":171,"n":77,"a":105},"T":[22,56],"E":{"a":[5,15,9,0,0]},"Q":3937},{"H":{"x":88,"n":73,"a":79},"T":[22,57],"E":{"a":[4,25,11,0,0]},"Q":3938},{"H":{"x":70,"n":70,"a":70},"T":[22,58],"E":{"a":[17,64,40,0,150]},"Q":3939},{"H":{"x":79,"n":79,"a":79},"T":[22,59],"E":{"a":[5,40,14,0,0]},"Q":3940},{"H":{"x":65,"n":65,"a":65},"T":[23,0],"E":{"a":[6,55,14,0,0]},"Q":3941},{"H":{"x":64,"n":64,"a":64},"T":[23,1],"E":{"a":[7,39,14,0,30]},"Q":3942},{"H":{"x":142,"n":65,"a":99},"T":[23,2],"E":{"a":[1,15,3,0,0]},"Q":3943},{"H":{"x":92,"n":56,"a":80},"T":[23,3],"E":{"a":[1,17,4,0,0]},"Q":3944},{"H":{"x":80,"n":66,"a":69},"T":[23,4],"E":{"a":[3,17,6,0,0]},"Q":3945},{"H":{"x":66,"n":66,"a":66},"T":[23,5],"E":{"a":[3,16,6,0,0]},"Q":3946},{"H":{"x":104,"n":65,"a":74},"T":[23,6],"E":{"a":[2,7,3,0,0]},"Q":3947},{"H":{"x":62,"n":62,"a":62},"T":[23,7],"E":{"a":[5,36,16,0,20]},"Q":3948},{"H":{"x":129,"n":60,"a":81},"T":[23,8],"E":{"a":[11,35,26,0,30]},"Q":3949},{"H":{"x":129,"n":76,"a":100},"T":[23,9],"E":{"a":[3,9,3,0,0]},"Q":3950},{"H":{"x":101,"n":71,"a":87},"T":[23,10],"E":{"a":[0,2,0,0,0]},"Q":3951},{"H":{"x":145,"n":64,"a":133},"T":[23,12],"P":{"d":73,"s":12,"c":3,"t":1},"E":{"a":[11,76,48,0,670]},"Q":3952},{"H":{"x":72,"n":72,"a":72},"T":[23,13],"P":{"d":28,"s":6,"c":1,"t":1},"E":{"a":[19,24,23,0,50]},"Q":3953},{"H":{"x":79,"n":79,"a":79},"T":[23,13],"E":{"a":[0,1,0,0,0]},"Q":3954},{"Q":3955,"H":{"x":73,"n":73,"a":73},"T":[23,14]},{"Q":3956,"H":{"x":71,"n":71,"a":71},"T":[23,15]},{"Q":3957,"H":{"x":70,"n":70,"a":70},"T":[23,16]},{"H":{"x":68,"n":68,"a":68},"T":[23,17],"E":{"a":[0,1,0,0,0]},"Q":3958},{"Q":3959,"H":{"x":67,"n":67,"a":67},"T":[23,18]},{"Q":3960,"H":{"x":67,"n":67,"a":67},"T":[23,19]},{"Q":3961,"H":{"x":68,"n":68,"a":68},"T":[23,20]},{"Q":3962,"H":{"x":69,"n":69,"a":69},"T":[23,21]},{"Q":3963,"H":{"x":69,"n":69,"a":69},"T":[23,22]},{"H":{"x":69,"n":69,"a":69},"T":[23,23],"E":{"a":[1,3,1,0,0]},"Q":3964},{"Q":3965,"H":{"x":68,"n":68,"a":68},"T":[23,24]},{"Q":3966,"H":{"x":68,"n":68,"a":68},"T":[23,25]},{"Q":3967,"H":{"x":68,"n":68,"a":68},"T":[23,26]},{"Q":3968,"H":{"x":66,"n":66,"a":66},"T":[23,27]},{"Q":3969,"H":{"x":65,"n":65,"a":65},"T":[23,28]},{"Q":3970,"H":{"x":67,"n":67,"a":67},"T":[23,29]},{"Q":3971,"H":{"x":66,"n":66,"a":66},"T":[23,30]},{"Q":3972,"H":{"x":66,"n":66,"a":66},"T":[23,31]},{"Q":3973,"H":{"x":64,"n":64,"a":64},"T":[23,32]},{"Q":3974,"H":{"x":64,"n":64,"a":64},"T":[23,33]},{"Q":3975,"H":{"x":64,"n":64,"a":64},"T":[23,34]},{"Q":3976,"H":{"x":63,"n":63,"a":63},"T":[23,35]},{"Q":3977,"H":{"x":61,"n":61,"a":61},"T":[23,36]},{"Q":3978,"H":{"x":63,"n":63,"a":63},"T":[23,37]},{"Q":3979,"H":{"x":66,"n":66,"a":66},"T":[23,38]},{"Q":3980,"H":{"x":66,"n":66,"a":66},"T":[23,39]},{"Q":3981,"H":{"x":66,"n":66,"a":66},"T":[23,40]},{"Q":3982,"H":{"x":67,"n":67,"a":67},"T":[23,41]},{"Q":3983,"H":{"x":68,"n":68,"a":68},"T":[23,42]},{"H":{"x":66,"n":66,"a":66},"T":[23,43],"E":{"a":[0,7,0,0,0]},"Q":3984},{"Q":3985,"H":{"x":65,"n":65,"a":65},"T":[23,44]},{"H":{"x":64,"n":64,"a":64},"T":[23,45],"E":{"a":[0,2,0,0,0]},"Q":3986},{"H":{"x":64,"n":64,"a":64},"T":[23,46],"E":{"a":[0,1,0,0,0]},"Q":3987},{"Q":3988,"H":{"x":62,"n":62,"a":62},"T":[23,47]},{"Q":3989,"H":{"x":62,"n":62,"a":62},"T":[23,48]},{"H":{"x":63,"n":63,"a":63},"T":[23,49],"E":{"a":[10,41,23,0,40]},"Q":3990},{"H":{"x":130,"n":70,"a":86},"T":[23,50],"E":{"a":[8,14,10,0,110]},"Q":3991},{"H":{"x":126,"n":67,"a":82},"T":[23,51],"E":{"a":[0,2,0,0,0]},"Q":3992},{"H":{"x":167,"n":58,"a":100},"T":[23,52],"E":{"a":[2,7,2,0,0]},"Q":3993},{"H":{"x":176,"n":71,"a":117},"T":[23,53],"E":{"a":[0,3,0,0,0]},"Q":3994},{"H":{"x":159,"n":61,"a":105},"T":[23,54],"E":{"a":[1,8,2,0,0]},"Q":3995},{"H":{"x":136,"n":49,"a":74},"T":[23,55],"E":{"a":[1,24,3,0,30]},"Q":3996},{"H":{"x":173,"n":52,"a":85},"T":[23,56],"E":{"a":[5,7,5,0,30]},"Q":3997},{"H":{"x":172,"n":64,"a":110},"T":[23,57],"E":{"a":[20,43,31,0,180]},"Q":3998},{"H":{"x":166,"n":74,"a":111},"T":[23,58],"E":{"a":[5,40,8,0,330]},"Q":3999},{"H":{"x":167,"n":86,"a":114},"T":[23,59],"E":{"a":[8,55,27,0,760]},"Q":4000}]