<?xml version="1.0" encoding="UTF-8"?>
<DocSetNodes version="1.0">
    <TOC>
        <Node type="folder">
            <Name>AutumnTest</Name>
            <Path>index.html</Path>
			<Subnodes>
                
				
				<Node type="folder">
					<Name>Classes</Name>
					<Path>index.html</Path>
					<Subnodes>
						<NodeRef refid="1"/>
						<NodeRef refid="2"/>
						<NodeRef refid="3"/>
						<NodeRef refid="4"/>
						<NodeRef refid="5"/>
						<NodeRef refid="6"/>
						<NodeRef refid="7"/>
						<NodeRef refid="8"/>
						<NodeRef refid="9"/>
						<NodeRef refid="10"/>
						<NodeRef refid="11"/>
						<NodeRef refid="12"/>
						<NodeRef refid="13"/>
						<NodeRef refid="14"/>
						<NodeRef refid="15"/>
						<NodeRef refid="16"/>
						<NodeRef refid="17"/>
						<NodeRef refid="18"/>
						<NodeRef refid="19"/>
						<NodeRef refid="20"/>
						<NodeRef refid="21"/>
						<NodeRef refid="22"/>
						<NodeRef refid="23"/>
						<NodeRef refid="24"/>
						<NodeRef refid="25"/>
						<NodeRef refid="26"/>
						<NodeRef refid="27"/>
						<NodeRef refid="28"/>
						<NodeRef refid="29"/>
						
					</Subnodes>
				</Node>
				
				
				<Node>
					<Name>Categories</Name>
					<Path>index.html</Path>
					<Subnodes>
						<NodeRef refid="30"/>
						<NodeRef refid="31"/>
						<NodeRef refid="32"/>
						<NodeRef refid="33"/>
						<NodeRef refid="34"/>
						<NodeRef refid="35"/>
						
					</Subnodes>
				</Node>
				
                
				<Node>
					<Name>Protocols</Name>
					<Path>index.html</Path>
					<Subnodes>
						<NodeRef refid="36"/>
						<NodeRef refid="37"/>
						<NodeRef refid="38"/>
						<NodeRef refid="39"/>
						
					</Subnodes>
				</Node>
				
                
				<Node>
					<Name>Constants</Name>
					<Path>index.html</Path>
					<Subnodes>
						<NodeRef refid="40"/>
						<NodeRef refid="41"/>
						<NodeRef refid="42"/>
						<NodeRef refid="43"/>
						<NodeRef refid="44"/>
						<NodeRef refid="45"/>
						<NodeRef refid="46"/>
						<NodeRef refid="47"/>
						<NodeRef refid="48"/>
						<NodeRef refid="49"/>
						<NodeRef refid="50"/>
						<NodeRef refid="51"/>
						<NodeRef refid="52"/>
						<NodeRef refid="53"/>
						<NodeRef refid="54"/>
						<NodeRef refid="55"/>
						<NodeRef refid="56"/>
						<NodeRef refid="57"/>
						
					</Subnodes>
				</Node>
				
                
                <Node>
                    <Name>Blocks</Name>
                    <Path>index.html</Path>
                    <Subnodes>
                        <NodeRef refid="58"/>
                        <NodeRef refid="59"/>
                        <NodeRef refid="60"/>
                        <NodeRef refid="61"/>
                        
                    </Subnodes>
                </Node>
                
			</Subnodes>
        </Node>
    </TOC>
	<Library>
		
		<Node id="1" type="file" documentType="reference">
            <Name>AppInfo</Name>
            <Path>Classes/AppInfo.html</Path>
            
        </Node>
		<Node id="2" type="file" documentType="reference">
            <Name>BKUtils</Name>
            <Path>Classes/BKUtils.html</Path>
            
                <Subnodes>
                <Node type="section">
                    <Path>Classes/BKUtils.html</Path>
                    <Name>Overview</Name>
                    <Anchor>overview</Anchor>
                </Node>
                <Node type="section">
                    <Path>Classes/BKUtils.html</Path>
                    <Name>Tasks</Name>
                    <Anchor>tasks</Anchor>
                </Node>
                
                
                <Node type="section">
                    <Path>Classes/BKUtils.html</Path>
                    <Name>Class Methods</Name>
                    <Anchor>class_methods</Anchor>
                </Node>
                
                
            </Subnodes>
            
        </Node>
		<Node id="3" type="file" documentType="reference">
            <Name>BLEAutumn</Name>
            <Path>Classes/BLEAutumn.html</Path>
            
                <Subnodes>
                <Node type="section">
                    <Path>Classes/BLEAutumn.html</Path>
                    <Name>Overview</Name>
                    <Anchor>overview</Anchor>
                </Node>
                <Node type="section">
                    <Path>Classes/BLEAutumn.html</Path>
                    <Name>Tasks</Name>
                    <Anchor>tasks</Anchor>
                </Node>
                
                
                
                <Node type="section">
                    <Path>Classes/BLEAutumn.html</Path>
                    <Name>Instance Methods</Name>
                    <Anchor>instance_methods</Anchor>
                </Node>
                
            </Subnodes>
            
        </Node>
		<Node id="4" type="file" documentType="reference">
            <Name>BLEShareInstance</Name>
            <Path>Classes/BLEShareInstance.html</Path>
            
                <Subnodes>
                <Node type="section">
                    <Path>Classes/BLEShareInstance.html</Path>
                    <Name>Overview</Name>
                    <Anchor>overview</Anchor>
                </Node>
                <Node type="section">
                    <Path>Classes/BLEShareInstance.html</Path>
                    <Name>Tasks</Name>
                    <Anchor>tasks</Anchor>
                </Node>
                
                <Node type="section">
                    <Path>Classes/BLEShareInstance.html</Path>
                    <Name>Properties</Name>
                    <Anchor>properties</Anchor>
                </Node>
                
                
                
                <Node type="section">
                    <Path>Classes/BLEShareInstance.html</Path>
                    <Name>Instance Methods</Name>
                    <Anchor>instance_methods</Anchor>
                </Node>
                
            </Subnodes>
            
        </Node>
		<Node id="5" type="file" documentType="reference">
            <Name>FBKVOController</Name>
            <Path>Classes/FBKVOController.html</Path>
            
                <Subnodes>
                <Node type="section">
                    <Path>Classes/FBKVOController.html</Path>
                    <Name>Overview</Name>
                    <Anchor>overview</Anchor>
                </Node>
                <Node type="section">
                    <Path>Classes/FBKVOController.html</Path>
                    <Name>Tasks</Name>
                    <Anchor>tasks</Anchor>
                </Node>
                
                <Node type="section">
                    <Path>Classes/FBKVOController.html</Path>
                    <Name>Properties</Name>
                    <Anchor>properties</Anchor>
                </Node>
                
                
                <Node type="section">
                    <Path>Classes/FBKVOController.html</Path>
                    <Name>Class Methods</Name>
                    <Anchor>class_methods</Anchor>
                </Node>
                
                
                <Node type="section">
                    <Path>Classes/FBKVOController.html</Path>
                    <Name>Instance Methods</Name>
                    <Anchor>instance_methods</Anchor>
                </Node>
                
            </Subnodes>
            
        </Node>
		<Node id="6" type="file" documentType="reference">
            <Name>MTKDataHandle</Name>
            <Path>Classes/MTKDataHandle.html</Path>
            
                <Subnodes>
                <Node type="section">
                    <Path>Classes/MTKDataHandle.html</Path>
                    <Name>Overview</Name>
                    <Anchor>overview</Anchor>
                </Node>
                <Node type="section">
                    <Path>Classes/MTKDataHandle.html</Path>
                    <Name>Tasks</Name>
                    <Anchor>tasks</Anchor>
                </Node>
                
                
                <Node type="section">
                    <Path>Classes/MTKDataHandle.html</Path>
                    <Name>Class Methods</Name>
                    <Anchor>class_methods</Anchor>
                </Node>
                
                
            </Subnodes>
            
        </Node>
		<Node id="7" type="file" documentType="reference">
            <Name>ZRAction</Name>
            <Path>Classes/ZRAction.html</Path>
            
                <Subnodes>
                <Node type="section">
                    <Path>Classes/ZRAction.html</Path>
                    <Name>Overview</Name>
                    <Anchor>overview</Anchor>
                </Node>
                <Node type="section">
                    <Path>Classes/ZRAction.html</Path>
                    <Name>Tasks</Name>
                    <Anchor>tasks</Anchor>
                </Node>
                
                <Node type="section">
                    <Path>Classes/ZRAction.html</Path>
                    <Name>Properties</Name>
                    <Anchor>properties</Anchor>
                </Node>
                
                
                
            </Subnodes>
            
        </Node>
		<Node id="8" type="file" documentType="reference">
            <Name>ZRBlePeripheral</Name>
            <Path>Classes/ZRBlePeripheral.html</Path>
            
                <Subnodes>
                <Node type="section">
                    <Path>Classes/ZRBlePeripheral.html</Path>
                    <Name>Overview</Name>
                    <Anchor>overview</Anchor>
                </Node>
                <Node type="section">
                    <Path>Classes/ZRBlePeripheral.html</Path>
                    <Name>Tasks</Name>
                    <Anchor>tasks</Anchor>
                </Node>
                
                <Node type="section">
                    <Path>Classes/ZRBlePeripheral.html</Path>
                    <Name>Properties</Name>
                    <Anchor>properties</Anchor>
                </Node>
                
                
                
            </Subnodes>
            
        </Node>
		<Node id="9" type="file" documentType="reference">
            <Name>ZRCOption</Name>
            <Path>Classes/ZRCOption.html</Path>
            
                <Subnodes>
                <Node type="section">
                    <Path>Classes/ZRCOption.html</Path>
                    <Name>Overview</Name>
                    <Anchor>overview</Anchor>
                </Node>
                <Node type="section">
                    <Path>Classes/ZRCOption.html</Path>
                    <Name>Tasks</Name>
                    <Anchor>tasks</Anchor>
                </Node>
                
                <Node type="section">
                    <Path>Classes/ZRCOption.html</Path>
                    <Name>Properties</Name>
                    <Anchor>properties</Anchor>
                </Node>
                
                
                
            </Subnodes>
            
        </Node>
		<Node id="10" type="file" documentType="reference">
            <Name>ZRClock</Name>
            <Path>Classes/ZRClock.html</Path>
            
                <Subnodes>
                <Node type="section">
                    <Path>Classes/ZRClock.html</Path>
                    <Name>Overview</Name>
                    <Anchor>overview</Anchor>
                </Node>
                <Node type="section">
                    <Path>Classes/ZRClock.html</Path>
                    <Name>Tasks</Name>
                    <Anchor>tasks</Anchor>
                </Node>
                
                <Node type="section">
                    <Path>Classes/ZRClock.html</Path>
                    <Name>Properties</Name>
                    <Anchor>properties</Anchor>
                </Node>
                
                
                
            </Subnodes>
            
        </Node>
		<Node id="11" type="file" documentType="reference">
            <Name>ZRContacts</Name>
            <Path>Classes/ZRContacts.html</Path>
            
                <Subnodes>
                <Node type="section">
                    <Path>Classes/ZRContacts.html</Path>
                    <Name>Overview</Name>
                    <Anchor>overview</Anchor>
                </Node>
                <Node type="section">
                    <Path>Classes/ZRContacts.html</Path>
                    <Name>Tasks</Name>
                    <Anchor>tasks</Anchor>
                </Node>
                
                <Node type="section">
                    <Path>Classes/ZRContacts.html</Path>
                    <Name>Properties</Name>
                    <Anchor>properties</Anchor>
                </Node>
                
                
                
            </Subnodes>
            
        </Node>
		<Node id="12" type="file" documentType="reference">
            <Name>ZRDNDModel</Name>
            <Path>Classes/ZRDNDModel.html</Path>
            
                <Subnodes>
                <Node type="section">
                    <Path>Classes/ZRDNDModel.html</Path>
                    <Name>Overview</Name>
                    <Anchor>overview</Anchor>
                </Node>
                <Node type="section">
                    <Path>Classes/ZRDNDModel.html</Path>
                    <Name>Tasks</Name>
                    <Anchor>tasks</Anchor>
                </Node>
                
                <Node type="section">
                    <Path>Classes/ZRDNDModel.html</Path>
                    <Name>Properties</Name>
                    <Anchor>properties</Anchor>
                </Node>
                
                
                
            </Subnodes>
            
        </Node>
		<Node id="13" type="file" documentType="reference">
            <Name>ZRData62Model</Name>
            <Path>Classes/ZRData62Model.html</Path>
            
        </Node>
		<Node id="14" type="file" documentType="reference">
            <Name>ZRDeviceInfo</Name>
            <Path>Classes/ZRDeviceInfo.html</Path>
            
                <Subnodes>
                <Node type="section">
                    <Path>Classes/ZRDeviceInfo.html</Path>
                    <Name>Overview</Name>
                    <Anchor>overview</Anchor>
                </Node>
                <Node type="section">
                    <Path>Classes/ZRDeviceInfo.html</Path>
                    <Name>Tasks</Name>
                    <Anchor>tasks</Anchor>
                </Node>
                
                <Node type="section">
                    <Path>Classes/ZRDeviceInfo.html</Path>
                    <Name>Properties</Name>
                    <Anchor>properties</Anchor>
                </Node>
                
                
                
            </Subnodes>
            
        </Node>
		<Node id="15" type="file" documentType="reference">
            <Name>ZRECGModel</Name>
            <Path>Classes/ZRECGModel.html</Path>
            
        </Node>
		<Node id="16" type="file" documentType="reference">
            <Name>ZREHRWP</Name>
            <Path>Classes/ZREHRWP.html</Path>
            
                <Subnodes>
                <Node type="section">
                    <Path>Classes/ZREHRWP.html</Path>
                    <Name>Overview</Name>
                    <Anchor>overview</Anchor>
                </Node>
                <Node type="section">
                    <Path>Classes/ZREHRWP.html</Path>
                    <Name>Tasks</Name>
                    <Anchor>tasks</Anchor>
                </Node>
                
                <Node type="section">
                    <Path>Classes/ZREHRWP.html</Path>
                    <Name>Properties</Name>
                    <Anchor>properties</Anchor>
                </Node>
                
                
                
            </Subnodes>
            
        </Node>
		<Node id="17" type="file" documentType="reference">
            <Name>ZRHRateHoursData</Name>
            <Path>Classes/ZRHRateHoursData.html</Path>
            
                <Subnodes>
                <Node type="section">
                    <Path>Classes/ZRHRateHoursData.html</Path>
                    <Name>Overview</Name>
                    <Anchor>overview</Anchor>
                </Node>
                <Node type="section">
                    <Path>Classes/ZRHRateHoursData.html</Path>
                    <Name>Tasks</Name>
                    <Anchor>tasks</Anchor>
                </Node>
                
                <Node type="section">
                    <Path>Classes/ZRHRateHoursData.html</Path>
                    <Name>Properties</Name>
                    <Anchor>properties</Anchor>
                </Node>
                
                
                
            </Subnodes>
            
        </Node>
		<Node id="18" type="file" documentType="reference">
            <Name>ZRHWOption</Name>
            <Path>Classes/ZRHWOption.html</Path>
            
                <Subnodes>
                <Node type="section">
                    <Path>Classes/ZRHWOption.html</Path>
                    <Name>Overview</Name>
                    <Anchor>overview</Anchor>
                </Node>
                <Node type="section">
                    <Path>Classes/ZRHWOption.html</Path>
                    <Name>Tasks</Name>
                    <Anchor>tasks</Anchor>
                </Node>
                
                <Node type="section">
                    <Path>Classes/ZRHWOption.html</Path>
                    <Name>Properties</Name>
                    <Anchor>properties</Anchor>
                </Node>
                
                
                
            </Subnodes>
            
        </Node>
		<Node id="19" type="file" documentType="reference">
            <Name>ZRMesgPush</Name>
            <Path>Classes/ZRMesgPush.html</Path>
            
                <Subnodes>
                <Node type="section">
                    <Path>Classes/ZRMesgPush.html</Path>
                    <Name>Overview</Name>
                    <Anchor>overview</Anchor>
                </Node>
                <Node type="section">
                    <Path>Classes/ZRMesgPush.html</Path>
                    <Name>Tasks</Name>
                    <Anchor>tasks</Anchor>
                </Node>
                
                <Node type="section">
                    <Path>Classes/ZRMesgPush.html</Path>
                    <Name>Properties</Name>
                    <Anchor>properties</Anchor>
                </Node>
                
                
                
            </Subnodes>
            
        </Node>
		<Node id="20" type="file" documentType="reference">
            <Name>ZRMotor</Name>
            <Path>Classes/ZRMotor.html</Path>
            
                <Subnodes>
                <Node type="section">
                    <Path>Classes/ZRMotor.html</Path>
                    <Name>Overview</Name>
                    <Anchor>overview</Anchor>
                </Node>
                <Node type="section">
                    <Path>Classes/ZRMotor.html</Path>
                    <Name>Tasks</Name>
                    <Anchor>tasks</Anchor>
                </Node>
                
                
                <Node type="section">
                    <Path>Classes/ZRMotor.html</Path>
                    <Name>Class Methods</Name>
                    <Anchor>class_methods</Anchor>
                </Node>
                
                
            </Subnodes>
            
        </Node>
		<Node id="21" type="file" documentType="reference">
            <Name>ZRPersonal</Name>
            <Path>Classes/ZRPersonal.html</Path>
            
                <Subnodes>
                <Node type="section">
                    <Path>Classes/ZRPersonal.html</Path>
                    <Name>Overview</Name>
                    <Anchor>overview</Anchor>
                </Node>
                <Node type="section">
                    <Path>Classes/ZRPersonal.html</Path>
                    <Name>Tasks</Name>
                    <Anchor>tasks</Anchor>
                </Node>
                
                <Node type="section">
                    <Path>Classes/ZRPersonal.html</Path>
                    <Name>Properties</Name>
                    <Anchor>properties</Anchor>
                </Node>
                
                
                
            </Subnodes>
            
        </Node>
		<Node id="22" type="file" documentType="reference">
            <Name>ZRRoll</Name>
            <Path>Classes/ZRRoll.html</Path>
            
                <Subnodes>
                <Node type="section">
                    <Path>Classes/ZRRoll.html</Path>
                    <Name>Overview</Name>
                    <Anchor>overview</Anchor>
                </Node>
                <Node type="section">
                    <Path>Classes/ZRRoll.html</Path>
                    <Name>Tasks</Name>
                    <Anchor>tasks</Anchor>
                </Node>
                
                <Node type="section">
                    <Path>Classes/ZRRoll.html</Path>
                    <Name>Properties</Name>
                    <Anchor>properties</Anchor>
                </Node>
                
                
                
            </Subnodes>
            
        </Node>
		<Node id="23" type="file" documentType="reference">
            <Name>ZRSchedule</Name>
            <Path>Classes/ZRSchedule.html</Path>
            
                <Subnodes>
                <Node type="section">
                    <Path>Classes/ZRSchedule.html</Path>
                    <Name>Overview</Name>
                    <Anchor>overview</Anchor>
                </Node>
                <Node type="section">
                    <Path>Classes/ZRSchedule.html</Path>
                    <Name>Tasks</Name>
                    <Anchor>tasks</Anchor>
                </Node>
                
                <Node type="section">
                    <Path>Classes/ZRSchedule.html</Path>
                    <Name>Properties</Name>
                    <Anchor>properties</Anchor>
                </Node>
                
                
                
            </Subnodes>
            
        </Node>
		<Node id="24" type="file" documentType="reference">
            <Name>ZRSedentary</Name>
            <Path>Classes/ZRSedentary.html</Path>
            
                <Subnodes>
                <Node type="section">
                    <Path>Classes/ZRSedentary.html</Path>
                    <Name>Overview</Name>
                    <Anchor>overview</Anchor>
                </Node>
                <Node type="section">
                    <Path>Classes/ZRSedentary.html</Path>
                    <Name>Tasks</Name>
                    <Anchor>tasks</Anchor>
                </Node>
                
                <Node type="section">
                    <Path>Classes/ZRSedentary.html</Path>
                    <Name>Properties</Name>
                    <Anchor>properties</Anchor>
                </Node>
                
                
                
            </Subnodes>
            
        </Node>
		<Node id="25" type="file" documentType="reference">
            <Name>ZRSleepData</Name>
            <Path>Classes/ZRSleepData.html</Path>
            
                <Subnodes>
                <Node type="section">
                    <Path>Classes/ZRSleepData.html</Path>
                    <Name>Overview</Name>
                    <Anchor>overview</Anchor>
                </Node>
                <Node type="section">
                    <Path>Classes/ZRSleepData.html</Path>
                    <Name>Tasks</Name>
                    <Anchor>tasks</Anchor>
                </Node>
                
                <Node type="section">
                    <Path>Classes/ZRSleepData.html</Path>
                    <Name>Properties</Name>
                    <Anchor>properties</Anchor>
                </Node>
                
                
                
            </Subnodes>
            
        </Node>
		<Node id="26" type="file" documentType="reference">
            <Name>ZRSportData</Name>
            <Path>Classes/ZRSportData.html</Path>
            
                <Subnodes>
                <Node type="section">
                    <Path>Classes/ZRSportData.html</Path>
                    <Name>Overview</Name>
                    <Anchor>overview</Anchor>
                </Node>
                <Node type="section">
                    <Path>Classes/ZRSportData.html</Path>
                    <Name>Tasks</Name>
                    <Anchor>tasks</Anchor>
                </Node>
                
                <Node type="section">
                    <Path>Classes/ZRSportData.html</Path>
                    <Name>Properties</Name>
                    <Anchor>properties</Anchor>
                </Node>
                
                
                
            </Subnodes>
            
        </Node>
		<Node id="27" type="file" documentType="reference">
            <Name>ZRSportLists</Name>
            <Path>Classes/ZRSportLists.html</Path>
            
                <Subnodes>
                <Node type="section">
                    <Path>Classes/ZRSportLists.html</Path>
                    <Name>Overview</Name>
                    <Anchor>overview</Anchor>
                </Node>
                <Node type="section">
                    <Path>Classes/ZRSportLists.html</Path>
                    <Name>Tasks</Name>
                    <Anchor>tasks</Anchor>
                </Node>
                
                <Node type="section">
                    <Path>Classes/ZRSportLists.html</Path>
                    <Name>Properties</Name>
                    <Anchor>properties</Anchor>
                </Node>
                
                
                
            </Subnodes>
            
        </Node>
		<Node id="28" type="file" documentType="reference">
            <Name>ZRSummaryData</Name>
            <Path>Classes/ZRSummaryData.html</Path>
            
                <Subnodes>
                <Node type="section">
                    <Path>Classes/ZRSummaryData.html</Path>
                    <Name>Overview</Name>
                    <Anchor>overview</Anchor>
                </Node>
                <Node type="section">
                    <Path>Classes/ZRSummaryData.html</Path>
                    <Name>Tasks</Name>
                    <Anchor>tasks</Anchor>
                </Node>
                
                <Node type="section">
                    <Path>Classes/ZRSummaryData.html</Path>
                    <Name>Properties</Name>
                    <Anchor>properties</Anchor>
                </Node>
                
                
                
            </Subnodes>
            
        </Node>
		<Node id="29" type="file" documentType="reference">
            <Name>ZRTargetOnceDay</Name>
            <Path>Classes/ZRTargetOnceDay.html</Path>
            
                <Subnodes>
                <Node type="section">
                    <Path>Classes/ZRTargetOnceDay.html</Path>
                    <Name>Overview</Name>
                    <Anchor>overview</Anchor>
                </Node>
                <Node type="section">
                    <Path>Classes/ZRTargetOnceDay.html</Path>
                    <Name>Tasks</Name>
                    <Anchor>tasks</Anchor>
                </Node>
                
                <Node type="section">
                    <Path>Classes/ZRTargetOnceDay.html</Path>
                    <Name>Properties</Name>
                    <Anchor>properties</Anchor>
                </Node>
                
                
                
            </Subnodes>
            
        </Node>
		
		<Node id="30" type="file" documentType="reference">
            <Name>NSDate(Calendar)</Name>
            <Path>Categories/NSDate+Calendar.html</Path>
            
                <Subnodes>
                <Node type="section">
                    <Path>Categories/NSDate+Calendar.html</Path>
                    <Name>Overview</Name>
                    <Anchor>overview</Anchor>
                </Node>
                <Node type="section">
                    <Path>Categories/NSDate+Calendar.html</Path>
                    <Name>Tasks</Name>
                    <Anchor>tasks</Anchor>
                </Node>
                
                
                
                <Node type="section">
                    <Path>Categories/NSDate+Calendar.html</Path>
                    <Name>Instance Methods</Name>
                    <Anchor>instance_methods</Anchor>
                </Node>
                
            </Subnodes>
            
        </Node>
		<Node id="31" type="file" documentType="reference">
            <Name>NSDate(Category)</Name>
            <Path>Categories/NSDate+Category.html</Path>
            
        </Node>
		<Node id="32" type="file" documentType="reference">
            <Name>NSDateFormatter(Category)</Name>
            <Path>Categories/NSDateFormatter+Category.html</Path>
            
        </Node>
		<Node id="33" type="file" documentType="reference">
            <Name>NSObject(FBKVOController)</Name>
            <Path>Categories/NSObject+FBKVOController.html</Path>
            
                <Subnodes>
                <Node type="section">
                    <Path>Categories/NSObject+FBKVOController.html</Path>
                    <Name>Overview</Name>
                    <Anchor>overview</Anchor>
                </Node>
                <Node type="section">
                    <Path>Categories/NSObject+FBKVOController.html</Path>
                    <Name>Tasks</Name>
                    <Anchor>tasks</Anchor>
                </Node>
                
                <Node type="section">
                    <Path>Categories/NSObject+FBKVOController.html</Path>
                    <Name>Properties</Name>
                    <Anchor>properties</Anchor>
                </Node>
                
                
                
            </Subnodes>
            
        </Node>
		<Node id="34" type="file" documentType="reference">
            <Name>NSObject(JsonData)</Name>
            <Path>Categories/NSObject+JsonData.html</Path>
            
                <Subnodes>
                <Node type="section">
                    <Path>Categories/NSObject+JsonData.html</Path>
                    <Name>Overview</Name>
                    <Anchor>overview</Anchor>
                </Node>
                <Node type="section">
                    <Path>Categories/NSObject+JsonData.html</Path>
                    <Name>Tasks</Name>
                    <Anchor>tasks</Anchor>
                </Node>
                
                
                
                <Node type="section">
                    <Path>Categories/NSObject+JsonData.html</Path>
                    <Name>Instance Methods</Name>
                    <Anchor>instance_methods</Anchor>
                </Node>
                
            </Subnodes>
            
        </Node>
		<Node id="35" type="file" documentType="reference">
            <Name>NSString(FontAwesome)</Name>
            <Path>Categories/NSString+FontAwesome.html</Path>
            
                <Subnodes>
                <Node type="section">
                    <Path>Categories/NSString+FontAwesome.html</Path>
                    <Name>Overview</Name>
                    <Anchor>overview</Anchor>
                </Node>
                <Node type="section">
                    <Path>Categories/NSString+FontAwesome.html</Path>
                    <Name>Tasks</Name>
                    <Anchor>tasks</Anchor>
                </Node>
                
                
                <Node type="section">
                    <Path>Categories/NSString+FontAwesome.html</Path>
                    <Name>Class Methods</Name>
                    <Anchor>class_methods</Anchor>
                </Node>
                
                
            </Subnodes>
            
        </Node>
		
        <Node id="36" type="file" documentType="reference">
            <Name>BLESolstice</Name>
            <Path>Protocols/BLESolstice.html</Path>
            
                <Subnodes>
                <Node type="section">
                    <Path>Protocols/BLESolstice.html</Path>
                    <Name>Overview</Name>
                    <Anchor>overview</Anchor>
                </Node>
                <Node type="section">
                    <Path>Protocols/BLESolstice.html</Path>
                    <Name>Tasks</Name>
                    <Anchor>tasks</Anchor>
                </Node>
                
                
                
                <Node type="section">
                    <Path>Protocols/BLESolstice.html</Path>
                    <Name>Instance Methods</Name>
                    <Anchor>instance_methods</Anchor>
                </Node>
                
            </Subnodes>
            
        </Node>
		<Node id="37" type="file" documentType="reference">
            <Name>BLEquinox</Name>
            <Path>Protocols/BLEquinox.html</Path>
            
                <Subnodes>
                <Node type="section">
                    <Path>Protocols/BLEquinox.html</Path>
                    <Name>Overview</Name>
                    <Anchor>overview</Anchor>
                </Node>
                <Node type="section">
                    <Path>Protocols/BLEquinox.html</Path>
                    <Name>Tasks</Name>
                    <Anchor>tasks</Anchor>
                </Node>
                
                
                
                <Node type="section">
                    <Path>Protocols/BLEquinox.html</Path>
                    <Name>Instance Methods</Name>
                    <Anchor>instance_methods</Anchor>
                </Node>
                
            </Subnodes>
            
        </Node>
		<Node id="38" type="file" documentType="reference">
            <Name>BleConnectDelegate</Name>
            <Path>Protocols/BleConnectDelegate.html</Path>
            
                <Subnodes>
                <Node type="section">
                    <Path>Protocols/BleConnectDelegate.html</Path>
                    <Name>Overview</Name>
                    <Anchor>overview</Anchor>
                </Node>
                <Node type="section">
                    <Path>Protocols/BleConnectDelegate.html</Path>
                    <Name>Tasks</Name>
                    <Anchor>tasks</Anchor>
                </Node>
                
                
                
                <Node type="section">
                    <Path>Protocols/BleConnectDelegate.html</Path>
                    <Name>Instance Methods</Name>
                    <Anchor>instance_methods</Anchor>
                </Node>
                
            </Subnodes>
            
        </Node>
		<Node id="39" type="file" documentType="reference">
            <Name>BleDiscoverDelegate</Name>
            <Path>Protocols/BleDiscoverDelegate.html</Path>
            
                <Subnodes>
                <Node type="section">
                    <Path>Protocols/BleDiscoverDelegate.html</Path>
                    <Name>Overview</Name>
                    <Anchor>overview</Anchor>
                </Node>
                <Node type="section">
                    <Path>Protocols/BleDiscoverDelegate.html</Path>
                    <Name>Tasks</Name>
                    <Anchor>tasks</Anchor>
                </Node>
                
                
                
                <Node type="section">
                    <Path>Protocols/BleDiscoverDelegate.html</Path>
                    <Name>Instance Methods</Name>
                    <Anchor>instance_methods</Anchor>
                </Node>
                
            </Subnodes>
            
        </Node>
		
        <Node id="40" type="file" documentType="reference">
            <Name>BKeyNotify</Name>
            <Path>Constants/BKeyNotify.html</Path>
            
        </Node>
		<Node id="41" type="file" documentType="reference">
            <Name>BLECmdResponse</Name>
            <Path>Constants/BLECmdResponse.html</Path>
            
        </Node>
		<Node id="42" type="file" documentType="reference">
            <Name>BLECommunicateMode</Name>
            <Path>Constants/BLECommunicateMode.html</Path>
            
        </Node>
		<Node id="43" type="file" documentType="reference">
            <Name>BLEParamSign</Name>
            <Path>Constants/BLEParamSign.html</Path>
            
        </Node>
		<Node id="44" type="file" documentType="reference">
            <Name>BLEProtocol</Name>
            <Path>Constants/BLEProtocol.html</Path>
            
        </Node>
		<Node id="45" type="file" documentType="reference">
            <Name>DNDType</Name>
            <Path>Constants/DNDType.html</Path>
            
        </Node>
		<Node id="46" type="file" documentType="reference">
            <Name>FAIcon</Name>
            <Path>Constants/FAIcon.html</Path>
            
        </Node>
		<Node id="47" type="file" documentType="reference">
            <Name>Heartbeats</Name>
            <Path>Constants/Heartbeats.html</Path>
            
        </Node>
		<Node id="48" type="file" documentType="reference">
            <Name>KSyscDataState</Name>
            <Path>Constants/KSyscDataState.html</Path>
            
        </Node>
		<Node id="49" type="file" documentType="reference">
            <Name>SD_TYPE</Name>
            <Path>Constants/SD_TYPE.html</Path>
            
        </Node>
		<Node id="50" type="file" documentType="reference">
            <Name>ShakeType</Name>
            <Path>Constants/ShakeType.html</Path>
            
        </Node>
		<Node id="51" type="file" documentType="reference">
            <Name>ShakeWay</Name>
            <Path>Constants/ShakeWay.html</Path>
            
        </Node>
		<Node id="52" type="file" documentType="reference">
            <Name>SleepType</Name>
            <Path>Constants/SleepType.html</Path>
            
        </Node>
		<Node id="53" type="file" documentType="reference">
            <Name>TempUnit</Name>
            <Path>Constants/TempUnit.html</Path>
            
        </Node>
		<Node id="54" type="file" documentType="reference">
            <Name>WeatherType</Name>
            <Path>Constants/WeatherType.html</Path>
            
        </Node>
		<Node id="55" type="file" documentType="reference">
            <Name>ZRRollMsgType</Name>
            <Path>Constants/ZRRollMsgType.html</Path>
            
        </Node>
		<Node id="56" type="file" documentType="reference">
            <Name>bleLogType</Name>
            <Path>Constants/bleLogType.html</Path>
            
        </Node>
		<Node id="57" type="file" documentType="reference">
            <Name>sd_sportType</Name>
            <Path>Constants/sd_sportType.html</Path>
            
        </Node>
		
        <Node id="58" type="file" documentType="reference">
            <Name>FBKVONotificationBlock</Name>
            <Path>Blocks/FBKVONotificationBlock.html</Path>
            
        </Node>
        <Node id="59" type="file" documentType="reference">
            <Name>ReadAlarmClockResponse</Name>
            <Path>Blocks/ReadAlarmClockResponse.html</Path>
            
        </Node>
        <Node id="60" type="file" documentType="reference">
            <Name>ReadDeviceSettingComplementation</Name>
            <Path>Blocks/ReadDeviceSettingComplementation.html</Path>
            
        </Node>
        <Node id="61" type="file" documentType="reference">
            <Name>ReadSheduleResponse</Name>
            <Path>Blocks/ReadSheduleResponse.html</Path>
            
        </Node>
        
	</Library>
</DocSetNodes>