<?xml version="1.0" encoding="UTF-8"?>
<Tokens version="1.0">
	<File path="Categories/NSString+FontAwesome.html">
		
		<Token>
			<TokenIdentifier>//apple_ref/occ/cat/NSString(FontAwesome)</TokenIdentifier>
			<Abstract type="html"></Abstract>
			<DeclaredIn>NSString+FontAwesome.h</DeclaredIn>
            
			
			<NodeRef refid="35"/>
		</Token>
		
		
		<Token>
			<TokenIdentifier>//apple_ref/occ/instm/NSString/fontAwesomeEnumForIconIdentifier:</TokenIdentifier>
			<Abstract type="html">Returns the correct enum for a font-awesome icon.</Abstract>
			<DeclaredIn>NSString+FontAwesome.h</DeclaredIn>
			
			<Declaration>+ (FAIcon)fontAwesomeEnumForIconIdentifier:(NSString *)string</Declaration>
			
			
			<Anchor>//api/name/fontAwesomeEnumForIconIdentifier:</Anchor>
            <NodeRef refid="35"/>
		</Token>
		
		<Token>
			<TokenIdentifier>//apple_ref/occ/instm/NSString/fontAwesomeIconStringForEnum:</TokenIdentifier>
			<Abstract type="html">Returns the font-awesome character associated to the icon enum passed as argument</Abstract>
			<DeclaredIn>NSString+FontAwesome.h</DeclaredIn>
			
			<Declaration>+ (NSString *)fontAwesomeIconStringForEnum:(FAIcon)value</Declaration>
			
			
			<Anchor>//api/name/fontAwesomeIconStringForEnum:</Anchor>
            <NodeRef refid="35"/>
		</Token>
		
        
        
	</File>
</Tokens>