<?xml version="1.0" encoding="UTF-8"?>
<Tokens version="1.0">
	<File path="Protocols/BleConnectDelegate.html">
		
		<Token>
			<TokenIdentifier>//apple_ref/occ/intf/BleConnectDelegate</TokenIdentifier>
			<Abstract type="html">ConnectDeleagte，Response delegate methods in device connect method.</Abstract>
			<DeclaredIn>BLEquinox.h</DeclaredIn>
            
			
			<NodeRef refid="38"/>
		</Token>
		
		
		<Token>
			<TokenIdentifier>//apple_ref/occ/intfm/BleConnectDelegate/solsticeDidConnectDevice:</TokenIdentifier>
			<Abstract type="html">invoked when the device did connected by the centeral</Abstract>
			<DeclaredIn>BLEquinox.h</DeclaredIn>
			
			<Declaration>- (void)solsticeDidConnectDevice:(ZRBlePeripheral *)device</Declaration>
			<Parameters>
				<Parameter>
					<Name>device</Name>
					<Abstract type="html">the device did connected</Abstract>
				</Parameter>
			</Parameters>
			
			<Anchor>//api/name/solsticeDidConnectDevice:</Anchor>
            <NodeRef refid="38"/>
		</Token>
		
		<Token>
			<TokenIdentifier>//apple_ref/occ/intfm/BleConnectDelegate/solsticeDidDisConnectWithDevice:andError:</TokenIdentifier>
			<Abstract type="html">Invoked when the device did disConnect with the connectted centeral</Abstract>
			<DeclaredIn>BLEquinox.h</DeclaredIn>
			
			<Declaration>- (void)solsticeDidDisConnectWithDevice:(ZRBlePeripheral *)device andError:(NSError *)error</Declaration>
			<Parameters>
				<Parameter>
					<Name>device</Name>
					<Abstract type="html">The device whom the centeral was connected</Abstract>
				</Parameter><Parameter>
					<Name>error</Name>
					<Abstract type="html">In most cases it is nil</Abstract>
				</Parameter>
			</Parameters>
			
			<Anchor>//api/name/solsticeDidDisConnectWithDevice:andError:</Anchor>
            <NodeRef refid="38"/>
		</Token>
		
		<Token>
			<TokenIdentifier>//apple_ref/occ/intfm/BleConnectDelegate/solsticeDidFailToConnectDevice:andError:</TokenIdentifier>
			<Abstract type="html">Invoked when the device did fail to connected by the centeral</Abstract>
			<DeclaredIn>BLEquinox.h</DeclaredIn>
			
			<Declaration>- (void)solsticeDidFailToConnectDevice:(ZRBlePeripheral *)device andError:(NSError *)error</Declaration>
			<Parameters>
				<Parameter>
					<Name>device</Name>
					<Abstract type="html">The device whom the centeral want to be connected</Abstract>
				</Parameter><Parameter>
					<Name>error</Name>
					<Abstract type="html">In most cases it is nil</Abstract>
				</Parameter>
			</Parameters>
			
			<Anchor>//api/name/solsticeDidFailToConnectDevice:andError:</Anchor>
            <NodeRef refid="38"/>
		</Token>
		
		<Token>
			<TokenIdentifier>//apple_ref/occ/intfm/BleConnectDelegate/solsticeConnectTimeOut</TokenIdentifier>
			<Abstract type="html">invoked when connect more than 10 second.</Abstract>
			<DeclaredIn>BLEquinox.h</DeclaredIn>
			
			<Declaration>- (void)solsticeConnectTimeOut</Declaration>
			
			
			<Anchor>//api/name/solsticeConnectTimeOut</Anchor>
            <NodeRef refid="38"/>
		</Token>
		
		<Token>
			<TokenIdentifier>//apple_ref/occ/intfm/BleConnectDelegate/centralManagerStatePoweredOff</TokenIdentifier>
			<Abstract type="html">! Bluetooth state changed off.&lt;##&gt;</Abstract>
			<DeclaredIn>BLEquinox.h</DeclaredIn>
			
			<Declaration>- (void)centralManagerStatePoweredOff</Declaration>
			
			
			<Anchor>//api/name/centralManagerStatePoweredOff</Anchor>
            <NodeRef refid="38"/>
		</Token>
		
		<Token>
			<TokenIdentifier>//apple_ref/occ/intfm/BleConnectDelegate/centralManagerStatePoweredOn</TokenIdentifier>
			<Abstract type="html">! Bluetooth state changed on.&lt;##&gt;</Abstract>
			<DeclaredIn>BLEquinox.h</DeclaredIn>
			
			<Declaration>- (void)centralManagerStatePoweredOn</Declaration>
			
			
			<Anchor>//api/name/centralManagerStatePoweredOn</Anchor>
            <NodeRef refid="38"/>
		</Token>
		
        
        
	</File>
</Tokens>