<?xml version="1.0" encoding="UTF-8"?>
<Tokens version="1.0">
	<File path="Classes/ZRSchedule.html">
		
		<Token>
			<TokenIdentifier>//apple_ref/occ/cl/ZRSchedule</TokenIdentifier>
			<Abstract type="html"></Abstract>
			<DeclaredIn>ZRModel.h</DeclaredIn>
            
			
			<NodeRef refid="23"/>
		</Token>
		
		
		<Token>
			<TokenIdentifier>//apple_ref/occ/instm/ZRSchedule/setRingSetting:</TokenIdentifier>
			<Abstract type="html">高3位是铃声 0~7对应不同铃声
低5位是反复次数 默认0x01
High 3 is the ringtone 0 ~ 7 corresponds to different ringtones
Low 5 is the number of iterations default 0x01</Abstract>
			<DeclaredIn>ZRModel.h</DeclaredIn>
			
			<Declaration>@property (nonatomic, assign) NSInteger ringSetting</Declaration>
			
			
			<Anchor>//api/name/ringSetting</Anchor>
            <NodeRef refid="23"/>
		</Token>
		
		<Token>
			<TokenIdentifier>//apple_ref/occ/instm/ZRSchedule/ringSetting</TokenIdentifier>
			<Abstract type="html">高3位是铃声 0~7对应不同铃声
低5位是反复次数 默认0x01
High 3 is the ringtone 0 ~ 7 corresponds to different ringtones
Low 5 is the number of iterations default 0x01</Abstract>
			<DeclaredIn>ZRModel.h</DeclaredIn>
			
			<Declaration>@property (nonatomic, assign) NSInteger ringSetting</Declaration>
			
			
			<Anchor>//api/name/ringSetting</Anchor>
            <NodeRef refid="23"/>
		</Token>
		
		<Token>
			<TokenIdentifier>//apple_ref/occ/instp/ZRSchedule/ringSetting</TokenIdentifier>
			<Abstract type="html">高3位是铃声 0~7对应不同铃声
低5位是反复次数 默认0x01
High 3 is the ringtone 0 ~ 7 corresponds to different ringtones
Low 5 is the number of iterations default 0x01</Abstract>
			<DeclaredIn>ZRModel.h</DeclaredIn>
			
			<Declaration>@property (nonatomic, assign) NSInteger ringSetting</Declaration>
			
			
			<Anchor>//api/name/ringSetting</Anchor>
            <NodeRef refid="23"/>
		</Token>
		
        
        
	</File>
</Tokens>