<?xml version="1.0" encoding="UTF-8"?>
<Tokens version="1.0">
	<File path="Classes/ZRSedentary.html">
		
		<Token>
			<TokenIdentifier>//apple_ref/occ/cl/ZRSedentary</TokenIdentifier>
			<Abstract type="html"></Abstract>
			<DeclaredIn>ZRModel.h</DeclaredIn>
            
			
			<NodeRef refid="24"/>
		</Token>
		
		
		<Token>
			<TokenIdentifier>//apple_ref/occ/instm/ZRSedentary/setSwitchStatus:</TokenIdentifier>
			<Abstract type="html">the state of reminder switch, default is NO ,means off.</Abstract>
			<DeclaredIn>ZRModel.h</DeclaredIn>
			
			<Declaration>@property (nonatomic, assign) BOOL switchStatus</Declaration>
			
			
			<Anchor>//api/name/switchStatus</Anchor>
            <NodeRef refid="24"/>
		</Token>
		
		<Token>
			<TokenIdentifier>//apple_ref/occ/instm/ZRSedentary/switchStatus</TokenIdentifier>
			<Abstract type="html">the state of reminder switch, default is NO ,means off.</Abstract>
			<DeclaredIn>ZRModel.h</DeclaredIn>
			
			<Declaration>@property (nonatomic, assign) BOOL switchStatus</Declaration>
			
			
			<Anchor>//api/name/switchStatus</Anchor>
            <NodeRef refid="24"/>
		</Token>
		
		<Token>
			<TokenIdentifier>//apple_ref/occ/instp/ZRSedentary/switchStatus</TokenIdentifier>
			<Abstract type="html">the state of reminder switch, default is NO ,means off.</Abstract>
			<DeclaredIn>ZRModel.h</DeclaredIn>
			
			<Declaration>@property (nonatomic, assign) BOOL switchStatus</Declaration>
			
			
			<Anchor>//api/name/switchStatus</Anchor>
            <NodeRef refid="24"/>
		</Token>
		
		<Token>
			<TokenIdentifier>//apple_ref/occ/instm/ZRSedentary/setWeekRepeat:</TokenIdentifier>
			<Abstract type="html">the repeats of sedentary ,to know more details to see @code weekRepeat methods。</Abstract>
			<DeclaredIn>ZRModel.h</DeclaredIn>
			
			<Declaration>@property (nonatomic, assign) NSUInteger weekRepeat</Declaration>
			
			
			<Anchor>//api/name/weekRepeat</Anchor>
            <NodeRef refid="24"/>
		</Token>
		
		<Token>
			<TokenIdentifier>//apple_ref/occ/instm/ZRSedentary/weekRepeat</TokenIdentifier>
			<Abstract type="html">the repeats of sedentary ,to know more details to see @code weekRepeat methods。</Abstract>
			<DeclaredIn>ZRModel.h</DeclaredIn>
			
			<Declaration>@property (nonatomic, assign) NSUInteger weekRepeat</Declaration>
			
			
			<Anchor>//api/name/weekRepeat</Anchor>
            <NodeRef refid="24"/>
		</Token>
		
		<Token>
			<TokenIdentifier>//apple_ref/occ/instp/ZRSedentary/weekRepeat</TokenIdentifier>
			<Abstract type="html">the repeats of sedentary ,to know more details to see @code weekRepeat methods。</Abstract>
			<DeclaredIn>ZRModel.h</DeclaredIn>
			
			<Declaration>@property (nonatomic, assign) NSUInteger weekRepeat</Declaration>
			
			
			<Anchor>//api/name/weekRepeat</Anchor>
            <NodeRef refid="24"/>
		</Token>
		
		<Token>
			<TokenIdentifier>//apple_ref/occ/instm/ZRSedentary/setStartHour:</TokenIdentifier>
			<Abstract type="html">the startTime of sedentary ,unit is hour .</Abstract>
			<DeclaredIn>ZRModel.h</DeclaredIn>
			
			<Declaration>@property (nonatomic, assign) NSUInteger startHour</Declaration>
			
			
			<Anchor>//api/name/startHour</Anchor>
            <NodeRef refid="24"/>
		</Token>
		
		<Token>
			<TokenIdentifier>//apple_ref/occ/instm/ZRSedentary/startHour</TokenIdentifier>
			<Abstract type="html">the startTime of sedentary ,unit is hour .</Abstract>
			<DeclaredIn>ZRModel.h</DeclaredIn>
			
			<Declaration>@property (nonatomic, assign) NSUInteger startHour</Declaration>
			
			
			<Anchor>//api/name/startHour</Anchor>
            <NodeRef refid="24"/>
		</Token>
		
		<Token>
			<TokenIdentifier>//apple_ref/occ/instp/ZRSedentary/startHour</TokenIdentifier>
			<Abstract type="html">the startTime of sedentary ,unit is hour .</Abstract>
			<DeclaredIn>ZRModel.h</DeclaredIn>
			
			<Declaration>@property (nonatomic, assign) NSUInteger startHour</Declaration>
			
			
			<Anchor>//api/name/startHour</Anchor>
            <NodeRef refid="24"/>
		</Token>
		
		<Token>
			<TokenIdentifier>//apple_ref/occ/instm/ZRSedentary/setEndHour:</TokenIdentifier>
			<Abstract type="html">the endTime of sedentary ,unit is hour .</Abstract>
			<DeclaredIn>ZRModel.h</DeclaredIn>
			
			<Declaration>@property (nonatomic, assign) NSUInteger endHour</Declaration>
			
			
			<Anchor>//api/name/endHour</Anchor>
            <NodeRef refid="24"/>
		</Token>
		
		<Token>
			<TokenIdentifier>//apple_ref/occ/instm/ZRSedentary/endHour</TokenIdentifier>
			<Abstract type="html">the endTime of sedentary ,unit is hour .</Abstract>
			<DeclaredIn>ZRModel.h</DeclaredIn>
			
			<Declaration>@property (nonatomic, assign) NSUInteger endHour</Declaration>
			
			
			<Anchor>//api/name/endHour</Anchor>
            <NodeRef refid="24"/>
		</Token>
		
		<Token>
			<TokenIdentifier>//apple_ref/occ/instp/ZRSedentary/endHour</TokenIdentifier>
			<Abstract type="html">the endTime of sedentary ,unit is hour .</Abstract>
			<DeclaredIn>ZRModel.h</DeclaredIn>
			
			<Declaration>@property (nonatomic, assign) NSUInteger endHour</Declaration>
			
			
			<Anchor>//api/name/endHour</Anchor>
            <NodeRef refid="24"/>
		</Token>
		
		<Token>
			<TokenIdentifier>//apple_ref/occ/instm/ZRSedentary/setSedentaryDuration:</TokenIdentifier>
			<Abstract type="html">the monitor duration ,unit is minute . your may demanded set a num is multiple of 5.
default duration is 60 minutes and threshold is 50 steps if you set both zero.
Special device support</Abstract>
			<DeclaredIn>ZRModel.h</DeclaredIn>
			
			<Declaration>@property (nonatomic, assign) NSUInteger sedentaryDuration</Declaration>
			
			
			<Anchor>//api/name/sedentaryDuration</Anchor>
            <NodeRef refid="24"/>
		</Token>
		
		<Token>
			<TokenIdentifier>//apple_ref/occ/instm/ZRSedentary/sedentaryDuration</TokenIdentifier>
			<Abstract type="html">the monitor duration ,unit is minute . your may demanded set a num is multiple of 5.
default duration is 60 minutes and threshold is 50 steps if you set both zero.
Special device support</Abstract>
			<DeclaredIn>ZRModel.h</DeclaredIn>
			
			<Declaration>@property (nonatomic, assign) NSUInteger sedentaryDuration</Declaration>
			
			
			<Anchor>//api/name/sedentaryDuration</Anchor>
            <NodeRef refid="24"/>
		</Token>
		
		<Token>
			<TokenIdentifier>//apple_ref/occ/instp/ZRSedentary/sedentaryDuration</TokenIdentifier>
			<Abstract type="html">the monitor duration ,unit is minute . your may demanded set a num is multiple of 5.
default duration is 60 minutes and threshold is 50 steps if you set both zero.
Special device support</Abstract>
			<DeclaredIn>ZRModel.h</DeclaredIn>
			
			<Declaration>@property (nonatomic, assign) NSUInteger sedentaryDuration</Declaration>
			
			
			<Anchor>//api/name/sedentaryDuration</Anchor>
            <NodeRef refid="24"/>
		</Token>
		
		<Token>
			<TokenIdentifier>//apple_ref/occ/instm/ZRSedentary/setNoDisturbing:</TokenIdentifier>
			<Abstract type="html">Switch for ”No break during lunch break”</Abstract>
			<DeclaredIn>ZRModel.h</DeclaredIn>
			
			<Declaration>@property (nonatomic, assign) BOOL noDisturbing</Declaration>
			
			
			<Anchor>//api/name/noDisturbing</Anchor>
            <NodeRef refid="24"/>
		</Token>
		
		<Token>
			<TokenIdentifier>//apple_ref/occ/instm/ZRSedentary/noDisturbing</TokenIdentifier>
			<Abstract type="html">Switch for ”No break during lunch break”</Abstract>
			<DeclaredIn>ZRModel.h</DeclaredIn>
			
			<Declaration>@property (nonatomic, assign) BOOL noDisturbing</Declaration>
			
			
			<Anchor>//api/name/noDisturbing</Anchor>
            <NodeRef refid="24"/>
		</Token>
		
		<Token>
			<TokenIdentifier>//apple_ref/occ/instp/ZRSedentary/noDisturbing</TokenIdentifier>
			<Abstract type="html">Switch for ”No break during lunch break”</Abstract>
			<DeclaredIn>ZRModel.h</DeclaredIn>
			
			<Declaration>@property (nonatomic, assign) BOOL noDisturbing</Declaration>
			
			
			<Anchor>//api/name/noDisturbing</Anchor>
            <NodeRef refid="24"/>
		</Token>
		
        
        
	</File>
</Tokens>