<?xml version="1.0" encoding="UTF-8"?>
<Tokens version="1.0">
	<File path="Constants/BLEProtocol.html">
		
		<Token>
			<TokenIdentifier>//apple_ref/c/tdef/BLEProtocol</TokenIdentifier>
			<Abstract type="html">@enum BLEProtocol</Abstract>
			<DeclaredIn>BLEAutumn.h</DeclaredIn>
            
			
			<NodeRef refid="44"/>
		</Token>
		
		
        
        <Token>
            <TokenIdentifier>//apple_ref/c/econst/BLEProtocol_Null</TokenIdentifier>
            <Abstract type="html">not Speciall</Abstract>
            <Declaration>BLEProtocol_Null</Declaration>
            
            <DeclaredIn>BLEAutumn.h</DeclaredIn>
            
            <NodeRef refid="44"/>
        </Token>
        
        <Token>
            <TokenIdentifier>//apple_ref/c/econst/BLEProtocol_EggRoll</TokenIdentifier>
            <Abstract type="html">Iwown bracelet early agreement, used in many devices</Abstract>
            <Declaration>BLEProtocol_EggRoll</Declaration>
            
            <DeclaredIn>BLEAutumn.h</DeclaredIn>
            
            <NodeRef refid="44"/>
        </Token>
        
        <Token>
            <TokenIdentifier>//apple_ref/c/econst/BLEProtocol_Watch</TokenIdentifier>
            <Abstract type="html">2017 Designed for new platform devices such as wristwatches and headsets, with a wealth of data and higher hardware requirements</Abstract>
            <Declaration>BLEProtocol_Watch</Declaration>
            
            <DeclaredIn>BLEAutumn.h</DeclaredIn>
            
            <NodeRef refid="44"/>
        </Token>
        
        <Token>
            <TokenIdentifier>//apple_ref/c/econst/BLEProtocol_Colorful</TokenIdentifier>
            <Abstract type="html">2017 designed for the color screen bracelet agreement, content level and BLEProtocol_EggRoll similar</Abstract>
            <Declaration>BLEProtocol_Colorful</Declaration>
            
            <DeclaredIn>BLEAutumn.h</DeclaredIn>
            
            <NodeRef refid="44"/>
        </Token>
        
        <Token>
            <TokenIdentifier>//apple_ref/c/econst/BLEProtocol_Any</TokenIdentifier>
            <Abstract type="html">If you are not sure what your equipment agreement, choose this</Abstract>
            <Declaration>BLEProtocol_Any</Declaration>
            
            <DeclaredIn>BLEAutumn.h</DeclaredIn>
            
            <NodeRef refid="44"/>
        </Token>
        
        
	</File>
</Tokens>