<?xml version="1.0" encoding="UTF-8"?>
<Tokens version="1.0">
	<File path="Classes/ZRDeviceInfo.html">
		
		<Token>
			<TokenIdentifier>//apple_ref/occ/cl/ZRDeviceInfo</TokenIdentifier>
			<Abstract type="html"></Abstract>
			<DeclaredIn>ZRBlePeripheral.h</DeclaredIn>
            
			
			<NodeRef refid="14"/>
		</Token>
		
		
		<Token>
			<TokenIdentifier>//apple_ref/occ/instm/ZRDeviceInfo/setProtocolVer:</TokenIdentifier>
			<Abstract type="html">! System info od the Device</Abstract>
			<DeclaredIn>ZRBlePeripheral.h</DeclaredIn>
			
			<Declaration>@property (nonatomic, strong) NSString *protocolVer</Declaration>
			
			
			<Anchor>//api/name/protocolVer</Anchor>
            <NodeRef refid="14"/>
		</Token>
		
		<Token>
			<TokenIdentifier>//apple_ref/occ/instm/ZRDeviceInfo/protocolVer</TokenIdentifier>
			<Abstract type="html">! System info od the Device</Abstract>
			<DeclaredIn>ZRBlePeripheral.h</DeclaredIn>
			
			<Declaration>@property (nonatomic, strong) NSString *protocolVer</Declaration>
			
			
			<Anchor>//api/name/protocolVer</Anchor>
            <NodeRef refid="14"/>
		</Token>
		
		<Token>
			<TokenIdentifier>//apple_ref/occ/instp/ZRDeviceInfo/protocolVer</TokenIdentifier>
			<Abstract type="html">! System info od the Device</Abstract>
			<DeclaredIn>ZRBlePeripheral.h</DeclaredIn>
			
			<Declaration>@property (nonatomic, strong) NSString *protocolVer</Declaration>
			
			
			<Anchor>//api/name/protocolVer</Anchor>
            <NodeRef refid="14"/>
		</Token>
		
        
        
	</File>
</Tokens>