<?xml version="1.0" encoding="UTF-8"?>
<Tokens version="1.0">
	<File path="Constants/KSyscDataState.html">
		
		<Token>
			<TokenIdentifier>//apple_ref/c/tdef/KSyscDataState</TokenIdentifier>
			<Abstract type="html">! State for sysc data</Abstract>
			<DeclaredIn>AutumnHeader.h</DeclaredIn>
            
			
			<NodeRef refid="48"/>
		</Token>
		
		
        
        <Token>
            <TokenIdentifier>//apple_ref/c/econst/KSyscDataStateBegin</TokenIdentifier>
            <Abstract type="html"></Abstract>
            <Declaration>KSyscDataStateBegin</Declaration>
            
            <DeclaredIn>AutumnHeader.h</DeclaredIn>
            
            <NodeRef refid="48"/>
        </Token>
        
        <Token>
            <TokenIdentifier>//apple_ref/c/econst/KSyscDataStateSummaryEnd</TokenIdentifier>
            <Abstract type="html"></Abstract>
            <Declaration>KSyscDataStateSummaryEnd</Declaration>
            
            <DeclaredIn>AutumnHeader.h</DeclaredIn>
            
            <NodeRef refid="48"/>
        </Token>
        
        <Token>
            <TokenIdentifier>//apple_ref/c/econst/KSyscDataStateSportEnd</TokenIdentifier>
            <Abstract type="html"></Abstract>
            <Declaration>KSyscDataStateSportEnd</Declaration>
            
            <DeclaredIn>AutumnHeader.h</DeclaredIn>
            
            <NodeRef refid="48"/>
        </Token>
        
        <Token>
            <TokenIdentifier>//apple_ref/c/econst/KSyscDataStateSleepEnd</TokenIdentifier>
            <Abstract type="html"></Abstract>
            <Declaration>KSyscDataStateSleepEnd</Declaration>
            
            <DeclaredIn>AutumnHeader.h</DeclaredIn>
            
            <NodeRef refid="48"/>
        </Token>
        
        <Token>
            <TokenIdentifier>//apple_ref/c/econst/KSyscDataStateHeartRateEnd</TokenIdentifier>
            <Abstract type="html"></Abstract>
            <Declaration>KSyscDataStateHeartRateEnd</Declaration>
            
            <DeclaredIn>AutumnHeader.h</DeclaredIn>
            
            <NodeRef refid="48"/>
        </Token>
        
        <Token>
            <TokenIdentifier>//apple_ref/c/econst/KSyscDataStateGNSSEnd</TokenIdentifier>
            <Abstract type="html"></Abstract>
            <Declaration>KSyscDataStateGNSSEnd</Declaration>
            
            <DeclaredIn>AutumnHeader.h</DeclaredIn>
            
            <NodeRef refid="48"/>
        </Token>
        
        <Token>
            <TokenIdentifier>//apple_ref/c/econst/KSyscDataStateECGEnd</TokenIdentifier>
            <Abstract type="html"></Abstract>
            <Declaration>KSyscDataStateECGEnd</Declaration>
            
            <DeclaredIn>AutumnHeader.h</DeclaredIn>
            
            <NodeRef refid="48"/>
        </Token>
        
        <Token>
            <TokenIdentifier>//apple_ref/c/econst/KSyscDataStateIsFinished</TokenIdentifier>
            <Abstract type="html"></Abstract>
            <Declaration>KSyscDataStateIsFinished</Declaration>
            
            <DeclaredIn>AutumnHeader.h</DeclaredIn>
            
            <NodeRef refid="48"/>
        </Token>
        
        <Token>
            <TokenIdentifier>//apple_ref/c/econst/KSyscDataDateIsFinished</TokenIdentifier>
            <Abstract type="html"></Abstract>
            <Declaration>KSyscDataDateIsFinished</Declaration>
            
            <DeclaredIn>AutumnHeader.h</DeclaredIn>
            
            <NodeRef refid="48"/>
        </Token>
        
        <Token>
            <TokenIdentifier>//apple_ref/c/econst/KSyscDataState61End</TokenIdentifier>
            <Abstract type="html"></Abstract>
            <Declaration>KSyscDataState61End</Declaration>
            
            <DeclaredIn>AutumnHeader.h</DeclaredIn>
            
            <NodeRef refid="48"/>
        </Token>
        
        <Token>
            <TokenIdentifier>//apple_ref/c/econst/KSyscDataState62End</TokenIdentifier>
            <Abstract type="html"></Abstract>
            <Declaration>KSyscDataState62End</Declaration>
            
            <DeclaredIn>AutumnHeader.h</DeclaredIn>
            
            <NodeRef refid="48"/>
        </Token>
        
        <Token>
            <TokenIdentifier>//apple_ref/c/econst/KSyscDataState64End</TokenIdentifier>
            <Abstract type="html"></Abstract>
            <Declaration>KSyscDataState64End</Declaration>
            
            <DeclaredIn>AutumnHeader.h</DeclaredIn>
            
            <NodeRef refid="48"/>
        </Token>
        
        <Token>
            <TokenIdentifier>//apple_ref/c/econst/KSyscDataStateStartSyscF1Data</TokenIdentifier>
            <Abstract type="html"></Abstract>
            <Declaration>KSyscDataStateStartSyscF1Data</Declaration>
            
            <DeclaredIn>AutumnHeader.h</DeclaredIn>
            
            <NodeRef refid="48"/>
        </Token>
        
        
	</File>
</Tokens>