<?xml version="1.0" encoding="UTF-8"?>
<Tokens version="1.0">
	<File path="Classes/ZRMotor.html">
		
		<Token>
			<TokenIdentifier>//apple_ref/occ/cl/ZRMotor</TokenIdentifier>
			<Abstract type="html"></Abstract>
			<DeclaredIn>ZRModel.h</DeclaredIn>
            
			
			<NodeRef refid="20"/>
		</Token>
		
		
		<Token>
			<TokenIdentifier>//apple_ref/occ/clm/ZRMotor/zgDefaultMotors</TokenIdentifier>
			<Abstract type="html">! Used for device bleProtocol_colorful</Abstract>
			<DeclaredIn>ZRModel.h</DeclaredIn>
			
			<Declaration>+ (NSArray&lt;ZRMotor*&gt; *)zgDefaultMotors</Declaration>
			
			
			<Anchor>//api/name/zgDefaultMotors</Anchor>
            <NodeRef refid="20"/>
		</Token>
		
		<Token>
			<TokenIdentifier>//apple_ref/occ/clm/ZRMotor/getRingSettingWithShakeWay:andCount:</TokenIdentifier>
			<Abstract type="html">! Used for bleProtocol_colorful device, set in ZRSchedule &amp;amp; ZRClock</Abstract>
			<DeclaredIn>ZRModel.h</DeclaredIn>
			
			<Declaration>+ (NSInteger)getRingSettingWithShakeWay:(ShakeWay)way andCount:(NSInteger)count</Declaration>
			
			
			<Anchor>//api/name/getRingSettingWithShakeWay:andCount:</Anchor>
            <NodeRef refid="20"/>
		</Token>
		
        
        
	</File>
</Tokens>