<?xml version="1.0" encoding="UTF-8"?>
<Tokens version="1.0">
	<File path="Classes/BLEShareInstance.html">
		
		<Token>
			<TokenIdentifier>//apple_ref/occ/cl/BLEShareInstance</TokenIdentifier>
			<Abstract type="html"></Abstract>
			<DeclaredIn>BLEShareInstance.h</DeclaredIn>
            
			
			<NodeRef refid="4"/>
		</Token>
		
		
		<Token>
			<TokenIdentifier>//apple_ref/occ/instm/BLEShareInstance/setDateArr:</TokenIdentifier>
			<Abstract type="html">! Date lists of execise and health data in device</Abstract>
			<DeclaredIn>BLEShareInstance.h</DeclaredIn>
			
			<Declaration>@property (nonatomic, strong) NSArray *dateArr</Declaration>
			
			
			<Anchor>//api/name/dateArr</Anchor>
            <NodeRef refid="4"/>
		</Token>
		
		<Token>
			<TokenIdentifier>//apple_ref/occ/instm/BLEShareInstance/dateArr</TokenIdentifier>
			<Abstract type="html">! Date lists of execise and health data in device</Abstract>
			<DeclaredIn>BLEShareInstance.h</DeclaredIn>
			
			<Declaration>@property (nonatomic, strong) NSArray *dateArr</Declaration>
			
			
			<Anchor>//api/name/dateArr</Anchor>
            <NodeRef refid="4"/>
		</Token>
		
		<Token>
			<TokenIdentifier>//apple_ref/occ/instp/BLEShareInstance/dateArr</TokenIdentifier>
			<Abstract type="html">! Date lists of execise and health data in device</Abstract>
			<DeclaredIn>BLEShareInstance.h</DeclaredIn>
			
			<Declaration>@property (nonatomic, strong) NSArray *dateArr</Declaration>
			
			
			<Anchor>//api/name/dateArr</Anchor>
            <NodeRef refid="4"/>
		</Token>
		
		<Token>
			<TokenIdentifier>//apple_ref/occ/instm/BLEShareInstance/local_first_date</TokenIdentifier>
			<Abstract type="html">! This method is obtained in the data part of the date on the date of the synchronization data needs to be used here to do some processing these dates, for example, to give up 1 month ago and recently synchronized data,
    It is assumed here that the last synchronization was 5 days ago.</Abstract>
			<DeclaredIn>BLEShareInstance+ResponseFromSDK.m</DeclaredIn>
			
			<Declaration>- (NSDate *)local_first_date</Declaration>
			
			
			<Anchor>//api/name/local_first_date</Anchor>
            <NodeRef refid="4"/>
		</Token>
		
		<Token>
			<TokenIdentifier>//apple_ref/occ/instm/BLEShareInstance/responseOfGetDataTimeOutWithDataType:</TokenIdentifier>
			<Abstract type="html">/                self.bkDataDeleagte updateSportData:&lt;#(NSDictionary *)#&gt;</Abstract>
			<DeclaredIn>BLEShareInstance+ResponseFromSDK.m</DeclaredIn>
			
			<Declaration>- (void)responseOfGetDataTimeOutWithDataType:(NSInteger)type</Declaration>
			
			
			<Anchor>//api/name/responseOfGetDataTimeOutWithDataType:</Anchor>
            <NodeRef refid="4"/>
		</Token>
		
		<Token>
			<TokenIdentifier>//apple_ref/occ/instm/BLEShareInstance/seqCompare:andLaterOne:</TokenIdentifier>
			<Abstract type="html">! seqA is less|early than seqB, return YES.
if seqA=4000, seqB = 100; return YES;</Abstract>
			<DeclaredIn>BLEShareInstance+MTK.m</DeclaredIn>
			
			<Declaration>- (BOOL)seqCompare:(NSInteger)seqA andLaterOne:(NSInteger)seqB</Declaration>
			
			
			<Anchor>//api/name/seqCompare:andLaterOne:</Anchor>
            <NodeRef refid="4"/>
		</Token>
		
        
        
	</File>
</Tokens>