<?xml version="1.0" encoding="UTF-8"?>
<Tokens version="1.0">
	<File path="Constants/BLECommunicateMode.html">
		
		<Token>
			<TokenIdentifier>//apple_ref/c/tdef/BLECommunicateMode</TokenIdentifier>
			<Abstract type="html">@enum BLECommunicateMode</Abstract>
			<DeclaredIn>AutumnHeader.h</DeclaredIn>
            
			
			<NodeRef refid="42"/>
		</Token>
		
		
        
        <Token>
            <TokenIdentifier>//apple_ref/c/econst/BLECommunicateModeLow</TokenIdentifier>
            <Abstract type="html">! Low speed</Abstract>
            <Declaration>BLECommunicateModeLow</Declaration>
            
            <DeclaredIn>AutumnHeader.h</DeclaredIn>
            
            <NodeRef refid="42"/>
        </Token>
        
        <Token>
            <TokenIdentifier>//apple_ref/c/econst/BLECommunicateModeHigh</TokenIdentifier>
            <Abstract type="html">! High speed</Abstract>
            <Declaration>BLECommunicateModeHigh</Declaration>
            
            <DeclaredIn>AutumnHeader.h</DeclaredIn>
            
            <NodeRef refid="42"/>
        </Token>
        
        
	</File>
</Tokens>