[{"H":{"x":178,"n":67,"a":125},"T":[0,0],"E":{"a":[12,43,23,0,700]},"Q":929},{"H":{"x":156,"n":70,"a":110},"T":[0,1],"E":{"a":[20,26,17,0,20]},"Q":930},{"H":{"x":157,"n":58,"a":103},"T":[0,2],"E":{"a":[5,40,18,0,20]},"Q":931},{"Q":932,"H":{"x":101,"n":58,"a":71},"T":[0,3]},{"H":{"x":173,"n":62,"a":86},"T":[0,4],"E":{"a":[3,24,9,0,40]},"Q":933},{"H":{"x":148,"n":59,"a":79},"T":[0,5],"E":{"a":[6,3,3,0,0]},"Q":934},{"Q":935,"H":{"x":137,"n":61,"a":78},"T":[0,6]},{"H":{"x":141,"n":65,"a":83},"T":[0,7],"E":{"a":[0,1,0,0,0]},"Q":936},{"H":{"x":141,"n":63,"a":83},"T":[0,8],"E":{"a":[0,2,0,0,0]},"Q":937},{"H":{"x":159,"n":61,"a":84},"T":[0,9],"E":{"a":[0,1,0,0,0]},"Q":938},{"Q":939,"H":{"x":105,"n":60,"a":69},"T":[0,10]},{"H":{"x":91,"n":62,"a":86},"T":[0,12],"P":{"d":147,"s":24,"c":7,"t":1},"E":{"a":[5,43,21,0,10]},"Q":940},{"H":{"x":75,"n":58,"a":69},"T":[0,13],"P":{"d":105,"s":18,"c":5,"t":1},"E":{"a":[23,74,59,0,30]},"Q":941},{"H":{"x":81,"n":70,"a":76},"T":[0,13],"E":{"a":[4,2,2,0,0]},"Q":942},{"Q":943,"H":{"x":63,"n":63,"a":63},"T":[0,14]},{"Q":944,"H":{"x":65,"n":65,"a":65},"T":[0,15]},{"Q":945,"H":{"x":66,"n":66,"a":66},"T":[0,16]},{"Q":946,"H":{"x":165,"n":64,"a":113},"T":[0,17]},{"Q":947,"H":{"x":148,"n":64,"a":85},"T":[0,18]},{"Q":948,"H":{"x":89,"n":65,"a":78},"T":[0,19]},{"Q":949,"H":{"x":75,"n":58,"a":70},"T":[0,20]},{"Q":950,"H":{"x":62,"n":62,"a":62},"T":[0,21]},{"Q":951,"H":{"x":61,"n":61,"a":61},"T":[0,22]},{"H":{"x":59,"n":59,"a":59},"T":[0,23],"E":{"a":[1,1,1,0,0]},"Q":952},{"Q":953,"H":{"x":67,"n":67,"a":67},"T":[0,24]},{"Q":954,"H":{"x":62,"n":62,"a":62},"T":[0,25]},{"Q":955,"H":{"x":61,"n":61,"a":61},"T":[0,26]},{"Q":956,"H":{"x":61,"n":61,"a":61},"T":[0,27]},{"Q":957,"H":{"x":60,"n":60,"a":60},"T":[0,28]},{"Q":958,"H":{"x":60,"n":60,"a":60},"T":[0,29]},{"Q":959,"H":{"x":60,"n":60,"a":60},"T":[0,30]},{"Q":960,"H":{"x":61,"n":61,"a":61},"T":[0,31]},{"Q":961,"H":{"x":63,"n":63,"a":63},"T":[0,32]},{"Q":962,"H":{"x":66,"n":66,"a":66},"T":[0,33]},{"Q":963,"H":{"x":66,"n":66,"a":66},"T":[0,34]},{"Q":964,"H":{"x":65,"n":65,"a":65},"T":[0,35]},{"Q":965,"H":{"x":64,"n":64,"a":64},"T":[0,36]},{"Q":966,"H":{"x":63,"n":63,"a":63},"T":[0,37]},{"Q":967,"H":{"x":63,"n":63,"a":63},"T":[0,38]},{"Q":968,"H":{"x":65,"n":65,"a":65},"T":[0,39]},{"Q":969,"H":{"x":67,"n":67,"a":67},"T":[0,40]},{"Q":970,"H":{"x":66,"n":66,"a":66},"T":[0,41]},{"Q":971,"H":{"x":66,"n":66,"a":66},"T":[0,42]},{"Q":972,"H":{"x":64,"n":64,"a":64},"T":[0,43]},{"Q":973,"H":{"x":63,"n":63,"a":63},"T":[0,44]},{"Q":974,"H":{"x":64,"n":64,"a":64},"T":[0,45]},{"H":{"x":65,"n":65,"a":65},"T":[0,46],"E":{"a":[12,18,12,0,0]},"Q":975},{"Q":976,"H":{"x":65,"n":65,"a":65},"T":[0,47]},{"H":{"x":61,"n":61,"a":61},"T":[0,48],"E":{"a":[0,1,0,0,0]},"Q":977},{"Q":978,"H":{"x":59,"n":59,"a":59},"T":[0,49]},{"Q":979,"H":{"x":57,"n":57,"a":57},"T":[0,50]},{"Q":980,"H":{"x":58,"n":58,"a":58},"T":[0,51]},{"Q":981,"H":{"x":60,"n":60,"a":60},"T":[0,52]},{"Q":982,"H":{"x":60,"n":60,"a":60},"T":[0,53]},{"Q":983,"H":{"x":59,"n":59,"a":59},"T":[0,54]},{"H":{"x":58,"n":58,"a":58},"T":[0,55],"E":{"a":[4,4,4,0,0]},"Q":984},{"Q":985,"H":{"x":68,"n":68,"a":68},"T":[0,56]},{"Q":986,"H":{"x":69,"n":69,"a":69},"T":[0,57]},{"Q":987,"H":{"x":71,"n":71,"a":71},"T":[0,58]},{"Q":988,"H":{"x":70,"n":70,"a":70},"T":[0,59]},{"Q":989,"H":{"x":69,"n":69,"a":69},"T":[1,0]},{"Q":990,"H":{"x":67,"n":67,"a":67},"T":[1,1]},{"Q":991,"H":{"x":67,"n":67,"a":67},"T":[1,2]},{"Q":992,"H":{"x":68,"n":68,"a":68},"T":[1,3]},{"Q":993,"H":{"x":69,"n":69,"a":69},"T":[1,4]},{"Q":994,"H":{"x":69,"n":69,"a":69},"T":[1,5]},{"Q":995,"H":{"x":68,"n":68,"a":68},"T":[1,6]},{"Q":996,"H":{"x":68,"n":68,"a":68},"T":[1,7]},{"H":{"x":71,"n":71,"a":71},"T":[1,8],"E":{"a":[1,7,1,0,0]},"Q":997},{"Q":998,"H":{"x":63,"n":63,"a":63},"T":[1,9]},{"Q":999,"H":{"x":66,"n":66,"a":66},"T":[1,10]},{"Q":1000,"H":{"x":66,"n":66,"a":66},"T":[1,11]},{"Q":1001,"H":{"x":66,"n":66,"a":66},"T":[1,12]},{"Q":1002,"H":{"x":67,"n":67,"a":67},"T":[1,13]},{"Q":1003,"H":{"x":67,"n":67,"a":67},"T":[1,14]},{"Q":1004,"H":{"x":65,"n":65,"a":65},"T":[1,15]},{"Q":1005,"H":{"x":65,"n":65,"a":65},"T":[1,16]},{"H":{"x":67,"n":67,"a":67},"T":[1,17],"E":{"a":[0,3,0,0,0]},"Q":1006},{"H":{"x":69,"n":69,"a":69},"T":[1,18],"E":{"a":[1,5,1,0,0]},"Q":1007},{"H":{"x":68,"n":68,"a":68},"T":[1,19],"E":{"a":[0,1,0,0,0]},"Q":1008},{"Q":1009,"H":{"x":63,"n":63,"a":63},"T":[1,20]},{"Q":1010,"H":{"x":62,"n":62,"a":62},"T":[1,21]},{"Q":1011,"H":{"x":59,"n":59,"a":59},"T":[1,22]},{"Q":1012,"H":{"x":58,"n":58,"a":58},"T":[1,23]},{"Q":1013,"H":{"x":58,"n":58,"a":58},"T":[1,24]},{"Q":1014,"H":{"x":59,"n":59,"a":59},"T":[1,25]},{"Q":1015,"H":{"x":58,"n":58,"a":58},"T":[1,26]},{"Q":1016,"H":{"x":57,"n":57,"a":57},"T":[1,27]},{"Q":1017,"H":{"x":55,"n":55,"a":55},"T":[1,28]},{"Q":1018,"H":{"x":54,"n":54,"a":54},"T":[1,29]},{"Q":1019,"H":{"x":55,"n":55,"a":55},"T":[1,30]},{"Q":1020,"H":{"x":55,"n":55,"a":55},"T":[1,31]},{"Q":1021,"H":{"x":54,"n":54,"a":54},"T":[1,32]},{"Q":1022,"H":{"x":52,"n":52,"a":52},"T":[1,33]},{"Q":1023,"H":{"x":52,"n":52,"a":52},"T":[1,34]},{"Q":1024,"H":{"x":53,"n":53,"a":53},"T":[1,35]},{"Q":1025,"H":{"x":54,"n":54,"a":54},"T":[1,36]},{"Q":1026,"H":{"x":54,"n":54,"a":54},"T":[1,37]},{"Q":1027,"H":{"x":54,"n":54,"a":54},"T":[1,38]},{"Q":1028,"H":{"x":52,"n":52,"a":52},"T":[1,39]},{"Q":1029,"H":{"x":51,"n":51,"a":51},"T":[1,40]},{"Q":1030,"H":{"x":51,"n":51,"a":51},"T":[1,41]},{"Q":1031,"H":{"x":49,"n":49,"a":49},"T":[1,42]},{"Q":1032,"H":{"x":49,"n":49,"a":49},"T":[1,43]},{"Q":1033,"H":{"x":49,"n":49,"a":49},"T":[1,44]},{"Q":1034,"H":{"x":50,"n":50,"a":50},"T":[1,45]},{"Q":1035,"H":{"x":51,"n":51,"a":51},"T":[1,46]},{"Q":1036,"H":{"x":50,"n":50,"a":50},"T":[1,47]},{"Q":1037,"H":{"x":49,"n":49,"a":49},"T":[1,48]},{"Q":1038,"H":{"x":49,"n":49,"a":49},"T":[1,49]},{"Q":1039,"H":{"x":49,"n":49,"a":49},"T":[1,50]},{"Q":1040,"H":{"x":50,"n":50,"a":50},"T":[1,51]},{"Q":1041,"H":{"x":50,"n":50,"a":50},"T":[1,52]},{"H":{"x":51,"n":51,"a":51},"T":[1,53],"E":{"a":[0,1,0,0,0]},"Q":1042},{"Q":1043,"H":{"x":50,"n":50,"a":50},"T":[1,54]},{"Q":1044,"H":{"x":50,"n":50,"a":50},"T":[1,55]},{"Q":1045,"H":{"x":52,"n":52,"a":52},"T":[1,56]},{"Q":1046,"H":{"x":53,"n":53,"a":53},"T":[1,57]},{"Q":1047,"H":{"x":53,"n":53,"a":53},"T":[1,58]},{"Q":1048,"H":{"x":52,"n":52,"a":52},"T":[1,59]},{"Q":1049,"H":{"x":52,"n":52,"a":52},"T":[2,0]},{"Q":1050,"H":{"x":54,"n":54,"a":54},"T":[2,1]},{"H":{"x":56,"n":56,"a":56},"T":[2,2],"E":{"a":[1,4,1,0,0]},"Q":1051},{"Q":1052,"H":{"x":62,"n":62,"a":62},"T":[2,3]},{"Q":1053,"H":{"x":67,"n":67,"a":67},"T":[2,4]},{"Q":1054,"H":{"x":67,"n":67,"a":67},"T":[2,5]},{"Q":1055,"H":{"x":67,"n":67,"a":67},"T":[2,6]},{"Q":1056,"H":{"x":68,"n":68,"a":68},"T":[2,7]},{"Q":1057,"H":{"x":69,"n":69,"a":69},"T":[2,8]},{"Q":1058,"H":{"x":70,"n":70,"a":70},"T":[2,9]},{"Q":1059,"H":{"x":70,"n":70,"a":70},"T":[2,10]},{"Q":1060,"H":{"x":68,"n":68,"a":68},"T":[2,11]},{"Q":1061,"H":{"x":68,"n":68,"a":68},"T":[2,12]},{"Q":1062,"H":{"x":68,"n":68,"a":68},"T":[2,13]},{"Q":1063,"H":{"x":68,"n":68,"a":68},"T":[2,14]},{"Q":1064,"H":{"x":70,"n":70,"a":70},"T":[2,15]},{"Q":1065,"H":{"x":70,"n":70,"a":70},"T":[2,16]},{"Q":1066,"H":{"x":72,"n":72,"a":72},"T":[2,17]},{"Q":1067,"H":{"x":73,"n":73,"a":73},"T":[2,18]},{"Q":1068,"H":{"x":75,"n":75,"a":75},"T":[2,19]},{"Q":1069,"H":{"x":76,"n":76,"a":76},"T":[2,20]},{"Q":1070,"H":{"x":76,"n":76,"a":76},"T":[2,21]},{"Q":1071,"H":{"x":75,"n":75,"a":75},"T":[2,22]},{"Q":1072,"H":{"x":75,"n":75,"a":75},"T":[2,23]},{"Q":1073,"H":{"x":75,"n":75,"a":75},"T":[2,24]},{"Q":1074,"H":{"x":75,"n":75,"a":75},"T":[2,25]},{"Q":1075,"H":{"x":76,"n":76,"a":76},"T":[2,26]},{"Q":1076,"H":{"x":76,"n":76,"a":76},"T":[2,27]},{"Q":1077,"H":{"x":76,"n":76,"a":76},"T":[2,28]},{"Q":1078,"H":{"x":76,"n":76,"a":76},"T":[2,29]},{"Q":1079,"H":{"x":75,"n":75,"a":75},"T":[2,30]},{"Q":1080,"H":{"x":75,"n":75,"a":75},"T":[2,31]},{"H":{"x":78,"n":78,"a":78},"T":[2,32],"E":{"a":[0,1,0,0,0]},"Q":1081},{"Q":1082,"H":{"x":78,"n":78,"a":78},"T":[2,33]},{"Q":1083,"H":{"x":78,"n":78,"a":78},"T":[2,34]},{"Q":1084,"H":{"x":78,"n":78,"a":78},"T":[2,35]},{"Q":1085,"H":{"x":78,"n":78,"a":78},"T":[2,36]},{"Q":1086,"H":{"x":78,"n":78,"a":78},"T":[2,37]},{"Q":1087,"H":{"x":80,"n":80,"a":80},"T":[2,38]},{"Q":1088,"H":{"x":80,"n":80,"a":80},"T":[2,39]},{"Q":1089,"H":{"x":81,"n":81,"a":81},"T":[2,40]},{"Q":1090,"H":{"x":80,"n":80,"a":80},"T":[2,41]},{"Q":1091,"H":{"x":79,"n":79,"a":79},"T":[2,42]},{"Q":1092,"H":{"x":79,"n":79,"a":79},"T":[2,43]},{"Q":1093,"H":{"x":81,"n":81,"a":81},"T":[2,44]},{"Q":1094,"H":{"x":81,"n":81,"a":81},"T":[2,45]},{"Q":1095,"H":{"x":81,"n":81,"a":81},"T":[2,46]},{"Q":1096,"H":{"x":81,"n":81,"a":81},"T":[2,47]},{"Q":1097,"H":{"x":79,"n":79,"a":79},"T":[2,48]},{"Q":1098,"H":{"x":79,"n":79,"a":79},"T":[2,49]},{"Q":1099,"H":{"x":79,"n":79,"a":79},"T":[2,50]},{"Q":1100,"H":{"x":80,"n":80,"a":80},"T":[2,51]},{"Q":1101,"H":{"x":81,"n":81,"a":81},"T":[2,52]},{"Q":1102,"H":{"x":81,"n":81,"a":81},"T":[2,53]},{"Q":1103,"H":{"x":79,"n":79,"a":79},"T":[2,54]},{"Q":1104,"H":{"x":78,"n":78,"a":78},"T":[2,55]},{"Q":1105,"H":{"x":78,"n":78,"a":78},"T":[2,56]},{"Q":1106,"H":{"x":79,"n":79,"a":79},"T":[2,57]},{"Q":1107,"H":{"x":78,"n":78,"a":78},"T":[2,58]},{"Q":1108,"H":{"x":76,"n":76,"a":76},"T":[2,59]},{"Q":1109,"H":{"x":76,"n":76,"a":76},"T":[3,0]},{"Q":1110,"H":{"x":76,"n":76,"a":76},"T":[3,1]},{"Q":1111,"H":{"x":78,"n":78,"a":78},"T":[3,2]},{"Q":1112,"H":{"x":78,"n":78,"a":78},"T":[3,3]},{"Q":1113,"H":{"x":77,"n":77,"a":77},"T":[3,4]},{"Q":1114,"H":{"x":76,"n":76,"a":76},"T":[3,5]},{"Q":1115,"H":{"x":77,"n":77,"a":77},"T":[3,6]},{"Q":1116,"H":{"x":78,"n":78,"a":78},"T":[3,7]},{"Q":1117,"H":{"x":80,"n":80,"a":80},"T":[3,8]},{"Q":1118,"H":{"x":80,"n":80,"a":80},"T":[3,9]},{"Q":1119,"H":{"x":79,"n":79,"a":79},"T":[3,10]},{"Q":1120,"H":{"x":79,"n":79,"a":79},"T":[3,11]},{"Q":1121,"H":{"x":81,"n":81,"a":81},"T":[3,12]},{"Q":1122,"H":{"x":81,"n":81,"a":81},"T":[3,13]},{"H":{"x":80,"n":80,"a":80},"T":[3,14],"E":{"a":[2,10,2,0,10]},"Q":1123},{"Q":1124,"H":{"x":65,"n":65,"a":65},"T":[3,15]},{"Q":1125,"H":{"x":62,"n":62,"a":62},"T":[3,16]},{"Q":1126,"H":{"x":60,"n":60,"a":60},"T":[3,17]},{"Q":1127,"H":{"x":59,"n":59,"a":59},"T":[3,18]},{"Q":1128,"H":{"x":60,"n":60,"a":60},"T":[3,19]},{"Q":1129,"H":{"x":62,"n":62,"a":62},"T":[3,20]},{"Q":1130,"H":{"x":62,"n":62,"a":62},"T":[3,21]},{"Q":1131,"H":{"x":62,"n":62,"a":62},"T":[3,22]},{"Q":1132,"H":{"x":62,"n":62,"a":62},"T":[3,23]},{"Q":1133,"H":{"x":61,"n":61,"a":61},"T":[3,24]},{"Q":1134,"H":{"x":63,"n":63,"a":63},"T":[3,25]},{"Q":1135,"H":{"x":63,"n":63,"a":63},"T":[3,26]},{"Q":1136,"H":{"x":63,"n":63,"a":63},"T":[3,27]},{"Q":1137,"H":{"x":63,"n":63,"a":63},"T":[3,28]},{"Q":1138,"H":{"x":64,"n":64,"a":64},"T":[3,29]},{"Q":1139,"H":{"x":66,"n":66,"a":66},"T":[3,30]},{"Q":1140,"H":{"x":66,"n":66,"a":66},"T":[3,31]},{"Q":1141,"H":{"x":67,"n":67,"a":67},"T":[3,32]},{"Q":1142,"H":{"x":67,"n":67,"a":67},"T":[3,33]},{"Q":1143,"H":{"x":68,"n":68,"a":68},"T":[3,34]},{"Q":1144,"H":{"x":70,"n":70,"a":70},"T":[3,35]},{"Q":1145,"H":{"x":73,"n":73,"a":73},"T":[3,36]},{"Q":1146,"H":{"x":73,"n":73,"a":73},"T":[3,37]},{"H":{"x":73,"n":73,"a":73},"T":[3,38],"E":{"a":[0,2,0,0,0]},"Q":1147},{"H":{"x":72,"n":72,"a":72},"T":[3,39],"E":{"a":[0,3,0,0,0]},"Q":1148},{"Q":1149,"H":{"x":71,"n":71,"a":71},"T":[3,40]},{"Q":1150,"H":{"x":72,"n":72,"a":72},"T":[3,41]},{"Q":1151,"H":{"x":73,"n":73,"a":73},"T":[3,42]},{"Q":1152,"H":{"x":75,"n":75,"a":75},"T":[3,43]},{"Q":1153,"H":{"x":75,"n":75,"a":75},"T":[3,44]},{"H":{"x":75,"n":75,"a":75},"T":[3,45],"E":{"a":[1,3,1,0,0]},"Q":1154},{"Q":1155,"H":{"x":62,"n":62,"a":62},"T":[3,46]},{"H":{"x":113,"n":50,"a":68},"T":[3,47],"E":{"a":[9,26,14,0,0]},"Q":1156},{"Q":1157,"H":{"x":71,"n":51,"a":56},"T":[3,48]},{"Q":1158,"H":{"x":68,"n":68,"a":68},"T":[3,49]},{"Q":1159,"H":{"x":67,"n":67,"a":67},"T":[3,50]},{"Q":1160,"H":{"x":69,"n":69,"a":69},"T":[3,51]},{"Q":1161,"H":{"x":71,"n":71,"a":71},"T":[3,52]},{"Q":1162,"H":{"x":71,"n":71,"a":71},"T":[3,53]},{"Q":1163,"H":{"x":71,"n":71,"a":71},"T":[3,54]},{"Q":1164,"H":{"x":70,"n":70,"a":70},"T":[3,55]},{"Q":1165,"H":{"x":70,"n":70,"a":70},"T":[3,56]},{"Q":1166,"H":{"x":104,"n":72,"a":101},"T":[3,57]},{"Q":1167,"H":{"x":72,"n":72,"a":72},"T":[3,58]},{"Q":1168,"H":{"x":72,"n":72,"a":72},"T":[3,59]},{"Q":1169,"H":{"x":71,"n":71,"a":71},"T":[4,0]},{"Q":1170,"H":{"x":70,"n":70,"a":70},"T":[4,1]},{"Q":1171,"H":{"x":70,"n":70,"a":70},"T":[4,2]},{"Q":1172,"H":{"x":72,"n":72,"a":72},"T":[4,3]},{"H":{"x":74,"n":74,"a":74},"T":[4,4],"E":{"a":[1,1,1,0,0]},"Q":1173},{"H":{"x":123,"n":54,"a":83},"T":[4,5],"E":{"a":[0,1,0,0,0]},"Q":1174},{"Q":1175,"H":{"x":80,"n":53,"a":58},"T":[4,6]},{"Q":1176,"H":{"x":133,"n":60,"a":99},"T":[4,7]},{"Q":1177,"H":{"x":59,"n":59,"a":59},"T":[4,8]},{"Q":1178,"H":{"x":60,"n":60,"a":60},"T":[4,9]},{"Q":1179,"H":{"x":61,"n":61,"a":61},"T":[4,10]},{"Q":1180,"H":{"x":64,"n":64,"a":64},"T":[4,11]},{"H":{"x":65,"n":65,"a":65},"T":[4,12],"E":{"a":[1,6,1,0,0]},"Q":1181},{"Q":1182,"H":{"x":63,"n":63,"a":63},"T":[4,13]},{"Q":1183,"H":{"x":63,"n":63,"a":63},"T":[4,14]},{"Q":1184,"H":{"x":62,"n":62,"a":62},"T":[4,15]},{"Q":1185,"H":{"x":61,"n":61,"a":61},"T":[4,16]},{"Q":1186,"H":{"x":58,"n":58,"a":58},"T":[4,17]},{"H":{"x":58,"n":58,"a":58},"T":[4,18],"E":{"a":[1,6,1,0,0]},"Q":1187},{"Q":1188,"H":{"x":70,"n":46,"a":57},"T":[4,19]},{"Q":1189,"H":{"x":83,"n":60,"a":76},"T":[4,20]},{"Q":1190,"H":{"x":105,"n":68,"a":100},"T":[4,21]},{"Q":1191,"H":{"x":153,"n":60,"a":96},"T":[4,22]},{"Q":1192,"H":{"x":132,"n":59,"a":103},"T":[4,23]},{"Q":1193,"H":{"x":179,"n":71,"a":137},"T":[4,24]},{"Q":1194,"H":{"x":81,"n":49,"a":59},"T":[4,25]},{"Q":1195,"H":{"x":109,"n":50,"a":69},"T":[4,26]},{"Q":1196,"H":{"x":134,"n":53,"a":71},"T":[4,27]},{"Q":1197,"H":{"x":95,"n":55,"a":71},"T":[4,28]},{"H":{"x":102,"n":51,"a":73},"T":[4,29],"E":{"a":[8,18,10,0,60]},"Q":1198},{"Q":1199,"H":{"x":142,"n":52,"a":69},"T":[4,30]},{"Q":1200,"H":{"x":109,"n":52,"a":71},"T":[4,31]},{"Q":1201,"H":{"x":121,"n":59,"a":74},"T":[4,32]},{"Q":1202,"H":{"x":142,"n":49,"a":75},"T":[4,33]},{"Q":1203,"H":{"x":177,"n":60,"a":90},"T":[4,34]},{"Q":1204,"H":{"x":172,"n":51,"a":82},"T":[4,35]},{"Q":1205,"H":{"x":160,"n":58,"a":77},"T":[4,36]},{"Q":1206,"H":{"x":167,"n":67,"a":89},"T":[4,37]},{"H":{"x":150,"n":62,"a":88},"T":[4,38],"E":{"a":[0,1,0,0,10]},"Q":1207},{"Q":1208,"H":{"x":159,"n":66,"a":83},"T":[4,39]},{"Q":1209,"H":{"x":164,"n":68,"a":79},"T":[4,40]},{"H":{"x":164,"n":69,"a":103},"T":[4,41],"E":{"a":[0,1,0,0,0]},"Q":1210},{"Q":1211,"H":{"x":161,"n":69,"a":84},"T":[4,42]},{"Q":1212,"H":{"x":164,"n":67,"a":88},"T":[4,43]},{"Q":1213,"H":{"x":159,"n":71,"a":105},"T":[4,44]},{"H":{"x":171,"n":62,"a":93},"T":[4,45],"E":{"a":[0,2,0,0,0]},"Q":1214},{"Q":1215,"H":{"x":153,"n":69,"a":102},"T":[4,46]},{"Q":1216,"H":{"x":173,"n":67,"a":100},"T":[4,47]},{"Q":1217,"H":{"x":175,"n":67,"a":98},"T":[4,48]},{"Q":1218,"H":{"x":171,"n":70,"a":103},"T":[4,49]},{"Q":1219,"H":{"x":171,"n":64,"a":96},"T":[4,50]},{"Q":1220,"H":{"x":131,"n":69,"a":82},"T":[4,51]},{"Q":1221,"H":{"x":120,"n":72,"a":87},"T":[4,52]},{"Q":1222,"H":{"x":179,"n":72,"a":103},"T":[4,53]},{"Q":1223,"H":{"x":159,"n":69,"a":103},"T":[4,54]},{"Q":1224,"H":{"x":162,"n":69,"a":96},"T":[4,55]},{"Q":1225,"H":{"x":120,"n":65,"a":83},"T":[4,56]},{"H":{"x":157,"n":68,"a":140},"T":[4,57],"E":{"a":[10,20,16,0,0]},"Q":1226},{"H":{"x":67,"n":67,"a":67},"T":[4,58],"E":{"a":[3,5,4,0,0]},"Q":1227},{"Q":1228,"H":{"x":63,"n":63,"a":63},"T":[4,59]},{"Q":1229,"H":{"x":67,"n":67,"a":67},"T":[5,0]},{"Q":1230,"H":{"x":66,"n":66,"a":66},"T":[5,1]},{"Q":1231,"H":{"x":65,"n":65,"a":65},"T":[5,2]},{"Q":1232,"H":{"x":66,"n":66,"a":66},"T":[5,3]},{"H":{"x":67,"n":67,"a":67},"T":[5,4],"E":{"a":[10,27,15,0,0]},"Q":1233},{"Q":1234,"H":{"x":68,"n":68,"a":68},"T":[5,5]},{"Q":1235,"H":{"x":62,"n":62,"a":62},"T":[5,6]},{"Q":1236,"H":{"x":61,"n":61,"a":61},"T":[5,7]},{"Q":1237,"H":{"x":61,"n":61,"a":61},"T":[5,8]},{"Q":1238,"H":{"x":59,"n":59,"a":59},"T":[5,9]},{"Q":1239,"H":{"x":57,"n":57,"a":57},"T":[5,10]},{"Q":1240,"H":{"x":55,"n":55,"a":55},"T":[5,11]},{"Q":1241,"H":{"x":54,"n":54,"a":54},"T":[5,12]},{"Q":1242,"H":{"x":54,"n":54,"a":54},"T":[5,13]},{"Q":1243,"H":{"x":54,"n":54,"a":54},"T":[5,14]},{"Q":1244,"H":{"x":56,"n":56,"a":56},"T":[5,15]},{"Q":1245,"H":{"x":56,"n":56,"a":56},"T":[5,16]},{"Q":1246,"H":{"x":53,"n":53,"a":53},"T":[5,17]},{"Q":1247,"H":{"x":51,"n":51,"a":51},"T":[5,18]},{"Q":1248,"H":{"x":52,"n":52,"a":52},"T":[5,19]},{"Q":1249,"H":{"x":54,"n":54,"a":54},"T":[5,20]},{"Q":1250,"H":{"x":54,"n":54,"a":54},"T":[5,21]},{"Q":1251,"H":{"x":54,"n":54,"a":54},"T":[5,22]},{"Q":1252,"H":{"x":52,"n":52,"a":52},"T":[5,23]},{"Q":1253,"H":{"x":52,"n":52,"a":52},"T":[5,24]},{"Q":1254,"H":{"x":52,"n":52,"a":52},"T":[5,25]},{"Q":1255,"H":{"x":53,"n":53,"a":53},"T":[5,26]},{"Q":1256,"H":{"x":52,"n":52,"a":52},"T":[5,27]},{"Q":1257,"H":{"x":51,"n":51,"a":51},"T":[5,28]},{"Q":1258,"H":{"x":50,"n":50,"a":50},"T":[5,29]},{"Q":1259,"H":{"x":50,"n":50,"a":50},"T":[5,30]},{"Q":1260,"H":{"x":52,"n":52,"a":52},"T":[5,31]},{"Q":1261,"H":{"x":54,"n":54,"a":54},"T":[5,32]},{"Q":1262,"H":{"x":53,"n":53,"a":53},"T":[5,33]},{"Q":1263,"H":{"x":52,"n":52,"a":52},"T":[5,34]},{"Q":1264,"H":{"x":51,"n":51,"a":51},"T":[5,35]},{"Q":1265,"H":{"x":51,"n":51,"a":51},"T":[5,36]},{"Q":1266,"H":{"x":52,"n":52,"a":52},"T":[5,37]},{"Q":1267,"H":{"x":54,"n":54,"a":54},"T":[5,38]},{"Q":1268,"H":{"x":53,"n":53,"a":53},"T":[5,39]},{"H":{"x":51,"n":51,"a":51},"T":[5,40],"E":{"a":[3,5,3,0,0]},"Q":1269},{"H":{"x":69,"n":69,"a":69},"T":[5,41],"E":{"a":[6,12,6,0,0]},"Q":1270},{"Q":1271,"H":{"x":70,"n":70,"a":70},"T":[5,42]},{"Q":1272,"H":{"x":63,"n":63,"a":63},"T":[5,43]},{"Q":1273,"H":{"x":63,"n":63,"a":63},"T":[5,44]},{"Q":1274,"H":{"x":61,"n":61,"a":61},"T":[5,45]},{"Q":1275,"H":{"x":61,"n":61,"a":61},"T":[5,46]},{"Q":1276,"H":{"x":64,"n":64,"a":64},"T":[5,47]},{"Q":1277,"H":{"x":67,"n":67,"a":67},"T":[5,48]},{"Q":1278,"H":{"x":69,"n":69,"a":69},"T":[5,49]},{"Q":1279,"H":{"x":84,"n":69,"a":80},"T":[5,50]},{"Q":1280,"H":{"x":131,"n":68,"a":92},"T":[5,51]},{"Q":1281,"H":{"x":125,"n":71,"a":100},"T":[5,52]},{"Q":1282,"H":{"x":69,"n":69,"a":69},"T":[5,53]},{"Q":1283,"H":{"x":167,"n":66,"a":100},"T":[5,54]},{"Q":1284,"H":{"x":155,"n":58,"a":94},"T":[5,55]},{"Q":1285,"H":{"x":138,"n":57,"a":92},"T":[5,56]},{"Q":1286,"H":{"x":141,"n":66,"a":99},"T":[5,57]},{"Q":1287,"H":{"x":135,"n":67,"a":89},"T":[5,58]},{"Q":1288,"H":{"x":120,"n":64,"a":85},"T":[5,59]},{"Q":1289,"H":{"x":129,"n":76,"a":95},"T":[6,0]},{"Q":1290,"H":{"x":177,"n":65,"a":125},"T":[6,1]},{"H":{"x":177,"n":88,"a":116},"T":[6,2],"E":{"a":[3,15,3,0,0]},"Q":1291},{"Q":1292,"H":{"x":120,"n":68,"a":111},"T":[6,3]},{"Q":1293,"H":{"x":63,"n":63,"a":63},"T":[6,4]},{"Q":1294,"H":{"x":62,"n":62,"a":62},"T":[6,5]},{"Q":1295,"H":{"x":129,"n":60,"a":123},"T":[6,6]},{"Q":1296,"H":{"x":59,"n":59,"a":59},"T":[6,7]},{"Q":1297,"H":{"x":61,"n":61,"a":61},"T":[6,8]},{"H":{"x":179,"n":58,"a":100},"T":[6,9],"E":{"a":[3,11,3,0,0]},"Q":1298},{"Q":1299,"H":{"x":160,"n":62,"a":83},"T":[6,10]},{"H":{"x":127,"n":49,"a":75},"T":[6,11],"E":{"a":[3,14,6,0,0]},"Q":1300},{"Q":1301,"H":{"x":57,"n":57,"a":57},"T":[6,12]},{"Q":1302,"H":{"x":68,"n":68,"a":68},"T":[6,13]},{"Q":1303,"H":{"x":71,"n":71,"a":71},"T":[6,14]},{"Q":1304,"H":{"x":71,"n":71,"a":71},"T":[6,15]},{"Q":1305,"H":{"x":71,"n":71,"a":71},"T":[6,16]},{"Q":1306,"H":{"x":69,"n":69,"a":69},"T":[6,17]},{"Q":1307,"H":{"x":70,"n":70,"a":70},"T":[6,18]},{"Q":1308,"H":{"x":69,"n":69,"a":69},"T":[6,19]},{"Q":1309,"H":{"x":71,"n":71,"a":71},"T":[6,20]},{"Q":1310,"H":{"x":71,"n":71,"a":71},"T":[6,21]},{"Q":1311,"H":{"x":70,"n":70,"a":70},"T":[6,22]},{"Q":1312,"H":{"x":69,"n":69,"a":69},"T":[6,23]},{"H":{"x":69,"n":69,"a":69},"T":[6,24],"E":{"a":[11,19,12,0,0]},"Q":1313},{"Q":1314,"H":{"x":67,"n":67,"a":67},"T":[6,25]},{"Q":1315,"H":{"x":63,"n":63,"a":63},"T":[6,26]},{"Q":1316,"H":{"x":62,"n":62,"a":62},"T":[6,27]},{"Q":1317,"H":{"x":60,"n":60,"a":60},"T":[6,28]},{"H":{"x":60,"n":60,"a":60},"T":[6,29],"E":{"a":[12,25,15,0,50]},"Q":1318},{"Q":1319,"H":{"x":73,"n":73,"a":73},"T":[6,30]},{"Q":1320,"H":{"x":63,"n":63,"a":63},"T":[6,31]},{"Q":1321,"H":{"x":65,"n":65,"a":65},"T":[6,32]},{"Q":1322,"H":{"x":64,"n":64,"a":64},"T":[6,33]},{"Q":1323,"H":{"x":61,"n":61,"a":61},"T":[6,34]},{"Q":1324,"H":{"x":60,"n":60,"a":60},"T":[6,35]},{"H":{"x":60,"n":60,"a":60},"T":[6,36],"E":{"a":[5,7,5,0,0]},"Q":1325},{"Q":1326,"H":{"x":70,"n":70,"a":70},"T":[6,37]},{"Q":1327,"H":{"x":63,"n":63,"a":63},"T":[6,38]},{"Q":1328,"H":{"x":153,"n":63,"a":131},"T":[6,39]},{"Q":1329,"H":{"x":164,"n":63,"a":153},"T":[6,40]},{"Q":1330,"H":{"x":160,"n":132,"a":149},"T":[6,41]},{"Q":1331,"H":{"x":157,"n":62,"a":138},"T":[6,42]},{"Q":1332,"H":{"x":164,"n":117,"a":130},"T":[6,43]},{"H":{"x":159,"n":134,"a":141},"T":[6,44],"E":{"a":[5,10,6,0,0]},"Q":1333},{"Q":1334,"H":{"x":68,"n":68,"a":68},"T":[6,45]},{"Q":1335,"H":{"x":67,"n":67,"a":67},"T":[6,46]},{"Q":1336,"H":{"x":66,"n":66,"a":66},"T":[6,47]},{"Q":1337,"H":{"x":68,"n":68,"a":68},"T":[6,48]},{"Q":1338,"H":{"x":68,"n":68,"a":68},"T":[6,49]},{"Q":1339,"H":{"x":66,"n":66,"a":66},"T":[6,50]},{"Q":1340,"H":{"x":65,"n":65,"a":65},"T":[6,51]},{"Q":1341,"H":{"x":65,"n":65,"a":65},"T":[6,52]},{"Q":1342,"H":{"x":66,"n":66,"a":66},"T":[6,53]},{"Q":1343,"H":{"x":64,"n":64,"a":64},"T":[6,54]},{"Q":1344,"H":{"x":62,"n":62,"a":62},"T":[6,55]},{"Q":1345,"H":{"x":60,"n":60,"a":60},"T":[6,56]},{"Q":1346,"H":{"x":60,"n":60,"a":60},"T":[6,57]},{"Q":1347,"H":{"x":62,"n":62,"a":62},"T":[6,58]},{"Q":1348,"H":{"x":62,"n":62,"a":62},"T":[6,59]},{"H":{"x":61,"n":61,"a":61},"T":[7,0],"E":{"a":[8,11,9,0,20]},"Q":1349},{"Q":1350,"H":{"x":70,"n":70,"a":70},"T":[7,1]},{"Q":1351,"H":{"x":69,"n":69,"a":69},"T":[7,2]},{"Q":1352,"H":{"x":72,"n":72,"a":72},"T":[7,3]},{"Q":1353,"H":{"x":74,"n":74,"a":74},"T":[7,4]},{"Q":1354,"H":{"x":75,"n":75,"a":75},"T":[7,5]},{"Q":1355,"H":{"x":75,"n":75,"a":75},"T":[7,6]},{"Q":1356,"H":{"x":77,"n":77,"a":77},"T":[7,7]},{"Q":1357,"H":{"x":79,"n":79,"a":79},"T":[7,8]},{"Q":1358,"H":{"x":80,"n":80,"a":80},"T":[7,9]},{"Q":1359,"H":{"x":81,"n":81,"a":81},"T":[7,10]},{"Q":1360,"H":{"x":81,"n":81,"a":81},"T":[7,11]},{"Q":1361,"H":{"x":81,"n":81,"a":81},"T":[7,12]},{"Q":1362,"H":{"x":80,"n":80,"a":80},"T":[7,13]},{"Q":1363,"H":{"x":80,"n":80,"a":80},"T":[7,14]},{"Q":1364,"H":{"x":78,"n":78,"a":78},"T":[7,15]},{"H":{"x":76,"n":76,"a":76},"T":[7,16],"E":{"a":[0,7,0,0,0]},"Q":1365},{"H":{"x":75,"n":75,"a":75},"T":[7,17],"E":{"a":[5,6,5,0,0]},"Q":1366},{"H":{"x":73,"n":73,"a":73},"T":[7,18],"E":{"a":[4,25,9,0,0]},"Q":1367},{"Q":1368,"H":{"x":69,"n":69,"a":69},"T":[7,19]},{"H":{"x":69,"n":69,"a":69},"T":[7,20],"E":{"a":[0,2,0,0,0]},"Q":1369},{"H":{"x":66,"n":66,"a":66},"T":[7,21],"E":{"a":[1,7,1,0,0]},"Q":1370},{"Q":1371,"H":{"x":66,"n":66,"a":66},"T":[7,22]},{"Q":1372,"H":{"x":67,"n":67,"a":67},"T":[7,23]},{"Q":1373,"H":{"x":68,"n":68,"a":68},"T":[7,24]},{"Q":1374,"H":{"x":66,"n":66,"a":66},"T":[7,25]},{"H":{"x":64,"n":64,"a":64},"T":[7,26],"E":{"a":[2,4,2,0,0]},"Q":1375},{"H":{"x":67,"n":67,"a":67},"T":[7,27],"E":{"a":[0,1,0,0,0]},"Q":1376},{"Q":1377,"H":{"x":68,"n":68,"a":68},"T":[7,28]},{"H":{"x":69,"n":69,"a":69},"T":[7,29],"E":{"a":[34,43,37,0,460]},"Q":1378},{"H":{"x":106,"n":72,"a":97},"T":[7,30],"E":{"a":[8,19,12,0,50]},"Q":1379},{"Q":1380,"H":{"x":66,"n":66,"a":66},"T":[7,31]},{"Q":1381,"H":{"x":66,"n":66,"a":66},"T":[7,32]},{"Q":1382,"H":{"x":65,"n":65,"a":65},"T":[7,33]},{"Q":1383,"H":{"x":64,"n":64,"a":64},"T":[7,34]},{"Q":1384,"H":{"x":67,"n":67,"a":67},"T":[7,35]},{"H":{"x":65,"n":65,"a":65},"T":[7,36],"E":{"a":[8,20,10,0,30]},"Q":1385},{"Q":1386,"H":{"x":63,"n":63,"a":63},"T":[7,37]},{"Q":1387,"H":{"x":67,"n":67,"a":67},"T":[7,38]},{"H":{"x":67,"n":67,"a":67},"T":[7,39],"E":{"a":[13,16,13,0,0]},"Q":1388},{"Q":1389,"H":{"x":72,"n":72,"a":72},"T":[7,40]},{"H":{"x":69,"n":69,"a":69},"T":[7,41],"E":{"a":[0,2,0,0,0]},"Q":1390},{"H":{"x":70,"n":70,"a":70},"T":[7,42],"E":{"a":[8,11,9,0,10]},"Q":1391},{"H":{"x":64,"n":64,"a":64},"T":[7,43],"E":{"a":[14,8,5,0,0]},"Q":1392},{"Q":1393,"H":{"x":63,"n":63,"a":63},"T":[7,44]},{"H":{"x":61,"n":61,"a":61},"T":[7,45],"E":{"a":[5,14,11,0,0]},"Q":1394},{"H":{"x":70,"n":70,"a":70},"T":[7,46],"E":{"a":[2,3,2,0,0]},"Q":1395},{"Q":1396,"H":{"x":66,"n":66,"a":66},"T":[7,47]},{"Q":1397,"H":{"x":67,"n":67,"a":67},"T":[7,48]},{"H":{"x":68,"n":68,"a":68},"T":[7,49],"E":{"a":[10,14,11,0,20]},"Q":1398},{"H":{"x":125,"n":71,"a":96},"T":[7,50],"E":{"a":[8,27,13,0,120]},"Q":1399},{"H":{"x":161,"n":74,"a":101},"T":[7,51],"E":{"a":[2,20,4,0,240]},"Q":1400},{"H":{"x":167,"n":86,"a":136},"T":[7,52],"E":{"a":[4,48,18,0,540]},"Q":1401},{"H":{"x":177,"n":94,"a":146},"T":[7,53],"E":{"a":[14,32,16,0,980]},"Q":1402},{"H":{"x":177,"n":80,"a":123},"T":[7,54],"E":{"a":[4,17,4,0,470]},"Q":1403},{"H":{"x":175,"n":83,"a":128},"T":[7,55],"E":{"a":[0,14,0,0,0]},"Q":1404},{"H":{"x":139,"n":78,"a":104},"T":[7,56],"E":{"a":[8,49,19,0,270]},"Q":1405},{"H":{"x":167,"n":74,"a":113},"T":[7,57],"E":{"a":[19,71,57,0,800]},"Q":1406},{"H":{"x":140,"n":73,"a":98},"T":[7,58],"E":{"a":[3,4,3,0,40]},"Q":1407},{"H":{"x":171,"n":59,"a":104},"T":[7,59],"E":{"a":[16,28,18,0,350]},"Q":1408},{"H":{"x":146,"n":66,"a":89},"T":[8,0],"E":{"a":[0,4,0,0,0]},"Q":1409},{"H":{"x":125,"n":74,"a":97},"T":[8,1],"E":{"a":[2,17,5,0,80]},"Q":1410},{"H":{"x":167,"n":76,"a":89},"T":[8,2],"E":{"a":[2,10,3,0,200]},"Q":1411},{"H":{"x":157,"n":71,"a":95},"T":[8,3],"E":{"a":[2,21,4,0,0]},"Q":1412},{"Q":1413,"H":{"x":142,"n":70,"a":85},"T":[8,4]},{"H":{"x":166,"n":75,"a":113},"T":[8,5],"E":{"a":[5,31,8,0,0]},"Q":1414},{"H":{"x":167,"n":62,"a":119},"T":[8,6],"E":{"a":[14,62,40,0,1310]},"Q":1415},{"H":{"x":163,"n":66,"a":112},"T":[8,7],"E":{"a":[6,31,14,0,110]},"Q":1416},{"H":{"x":175,"n":109,"a":161},"T":[8,8],"E":{"a":[28,71,52,0,1130]},"Q":1417},{"H":{"x":161,"n":80,"a":134},"T":[8,9],"E":{"a":[47,97,77,0,480]},"Q":1418},{"H":{"x":139,"n":139,"a":139},"T":[8,11],"P":{"d":423,"s":68,"c":20,"t":1},"E":{"a":[87,110,90,0,1290]},"Q":1419},{"H":{"x":175,"n":90,"a":132},"T":[8,12],"P":{"d":262,"s":47,"c":14,"t":1},"E":{"a":[101,117,96,0,1130]},"Q":1420},{"H":{"x":174,"n":90,"a":166},"T":[8,13],"P":{"d":529,"s":80,"c":24,"t":1},"E":{"a":[94,88,67,0,860]},"Q":1421},{"H":{"x":92,"n":92,"a":92},"T":[8,13],"P":{"d":283,"s":46,"c":14,"t":1},"E":{"a":[140,141,138,0,1370]},"Q":1422},{"H":{"x":92,"n":92,"a":92},"T":[8,13],"P":{"d":779,"s":112,"c":38,"a":17,"t":147},"Q":1423},{"H":{"x":113,"n":64,"a":88},"T":[8,14],"P":{"d":411,"s":63,"c":19,"a":4,"t":147},"Q":1424},{"H":{"x":75,"n":68,"a":71},"T":[8,14],"E":{"a":[2,9,3,0,0]},"Q":1426},{"H":{"x":84,"n":70,"a":78},"T":[8,15],"P":{"d":70,"s":6,"c":1,"a":4,"t":147},"E":{"a":[209,83,70,0,520]},"Q":1425},{"Q":1428,"H":{"x":166,"n":68,"a":86},"T":[8,15]},{"H":{"x":75,"n":68,"a":71},"T":[8,15],"P":{"t":147,"a":2},"Q":1427},{"H":{"x":167,"n":73,"a":93},"T":[8,16],"E":{"a":[1,8,1,0,0]},"Q":1429},{"Q":1430,"H":{"x":162,"n":74,"a":95},"T":[8,17]},{"H":{"x":160,"n":72,"a":95},"T":[8,18],"E":{"a":[2,10,3,0,0]},"Q":1431},{"H":{"x":178,"n":71,"a":90},"T":[8,19],"E":{"a":[5,16,5,0,0]},"Q":1432},{"H":{"x":144,"n":67,"a":87},"T":[8,20],"E":{"a":[4,19,4,0,0]},"Q":1433},{"H":{"x":166,"n":72,"a":102},"T":[8,21],"E":{"a":[1,9,2,0,50]},"Q":1434},{"H":{"x":179,"n":91,"a":143},"T":[8,22],"E":{"a":[7,18,10,0,30]},"Q":1435},{"H":{"x":176,"n":102,"a":147},"T":[8,23],"E":{"a":[0,32,0,0,0]},"Q":1436},{"H":{"x":176,"n":73,"a":124},"T":[8,24],"E":{"a":[4,21,6,0,50]},"Q":1437},{"H":{"x":177,"n":74,"a":121},"T":[8,25],"E":{"a":[0,11,0,0,0]},"Q":1438},{"H":{"x":172,"n":74,"a":124},"T":[8,26],"E":{"a":[2,43,6,0,0]},"Q":1439},{"H":{"x":179,"n":79,"a":145},"T":[8,27],"E":{"a":[2,37,2,0,0]},"Q":1440},{"H":{"x":179,"n":112,"a":168},"T":[8,29],"P":{"d":232,"s":45,"c":13,"t":1},"E":{"a":[8,27,14,0,70]},"Q":1441},{"H":{"x":164,"n":66,"a":114},"T":[8,29],"E":{"a":[65,102,71,0,1420]},"Q":1442},{"H":{"x":178,"n":65,"a":109},"T":[8,30],"E":{"a":[6,26,15,0,700]},"Q":1443},{"H":{"x":178,"n":65,"a":112},"T":[8,32],"P":{"d":80,"s":17,"c":5,"t":1},"E":{"a":[3,43,6,0,1770]},"Q":1444},{"H":{"x":109,"n":109,"a":109},"T":[8,33],"P":{"d":570,"s":100,"c":30,"t":1},"E":{"a":[68,90,69,0,1470]},"Q":1445},{"H":{"x":87,"n":87,"a":87},"T":[8,33],"P":{"d":165,"s":31,"c":9,"t":1},"E":{"a":[198,134,129,0,1470]},"Q":1446},{"H":{"x":87,"n":87,"a":87},"T":[8,33],"P":{"d":589,"s":103,"c":30,"a":17,"t":147},"Q":1447},{"H":{"x":103,"n":65,"a":72},"T":[8,34],"P":{"d":438,"s":75,"c":23,"a":4,"t":147},"Q":1448},{"H":{"x":119,"n":65,"a":102},"T":[8,35],"P":{"d":660,"s":112,"c":46,"a":4,"t":147},"E":{"a":[303,105,105,0,1400]},"Q":1449},{"H":{"x":95,"n":90,"a":91},"T":[8,35],"E":{"a":[416,33,22,0,2230]},"Q":1451},{"H":{"x":119,"n":94,"a":109},"T":[8,36],"P":{"d":313,"s":53,"c":54,"a":4,"t":147},"E":{"a":[416,113,113,0,1450]},"Q":1450},{"Q":1453,"H":{"x":161,"n":44,"a":91},"T":[8,36]},{"H":{"x":95,"n":90,"a":91},"T":[8,36],"P":{"t":147,"a":2},"Q":1452},{"H":{"x":179,"n":68,"a":116},"T":[8,37],"E":{"a":[1,18,2,0,2560]},"Q":1454},{"H":{"x":177,"n":82,"a":131},"T":[8,39],"P":{"d":255,"s":52,"c":15,"t":1},"E":{"a":[52,92,72,0,1710]},"Q":1455},{"H":{"x":174,"n":66,"a":99},"T":[8,40],"P":{"d":95,"s":22,"c":6,"t":1},"E":{"a":[74,104,73,0,990]},"Q":1456},{"H":{"x":141,"n":59,"a":82},"T":[8,40],"E":{"a":[55,49,21,0,0]},"Q":1457},{"H":{"x":120,"n":73,"a":86},"T":[8,41],"E":{"a":[6,29,18,0,0]},"Q":1458},{"Q":1459,"H":{"x":142,"n":81,"a":97},"T":[8,42]},{"H":{"x":119,"n":65,"a":86},"T":[8,43],"E":{"a":[3,7,3,0,0]},"Q":1460},{"H":{"x":110,"n":82,"a":90},"T":[8,44],"E":{"a":[0,1,0,0,0]},"Q":1461},{"H":{"x":135,"n":80,"a":94},"T":[8,45],"E":{"a":[3,15,6,0,0]},"Q":1462},{"H":{"x":170,"n":81,"a":104},"T":[8,46],"E":{"a":[10,17,10,0,0]},"Q":1463},{"H":{"x":154,"n":75,"a":95},"T":[8,47],"E":{"a":[2,8,3,0,10]},"Q":1464},{"H":{"x":141,"n":81,"a":96},"T":[8,48],"E":{"a":[6,21,10,0,0]},"Q":1465},{"H":{"x":140,"n":73,"a":94},"T":[8,49],"E":{"a":[3,8,3,0,0]},"Q":1466},{"H":{"x":175,"n":87,"a":116},"T":[8,50],"E":{"a":[6,29,17,0,800]},"Q":1467},{"H":{"x":178,"n":74,"a":120},"T":[8,52],"P":{"d":139,"s":24,"c":7,"t":1},"E":{"a":[17,69,46,0,550]},"Q":1468},{"H":{"x":179,"n":90,"a":119},"T":[8,52],"E":{"a":[37,83,51,0,550]},"Q":1469},{"H":{"x":171,"n":82,"a":119},"T":[8,54],"P":{"d":96,"s":17,"c":5,"t":1},"E":{"a":[19,63,39,0,790]},"Q":1470},{"H":{"x":174,"n":69,"a":102},"T":[8,54],"E":{"a":[20,59,43,0,2250]},"Q":1471},{"H":{"x":146,"n":68,"a":91},"T":[8,55],"E":{"a":[12,16,14,0,60]},"Q":1472},{"H":{"x":155,"n":70,"a":101},"T":[8,57],"P":{"d":192,"s":29,"c":8,"t":1},"E":{"a":[5,18,8,0,0]},"Q":1473},{"H":{"x":175,"n":81,"a":127},"T":[8,58],"P":{"d":453,"s":75,"c":23,"t":1},"E":{"a":[82,108,96,0,840]},"Q":1474},{"H":{"x":177,"n":102,"a":138},"T":[8,58],"P":{"d":138,"s":22,"c":6,"t":1},"E":{"a":[203,137,121,0,1630]},"Q":1475},{"H":{"x":177,"n":102,"a":138},"T":[8,58],"P":{"d":604,"s":96,"c":28,"a":17,"t":147},"Q":1476},{"H":{"x":177,"n":57,"a":81},"T":[8,59],"P":{"d":332,"s":56,"c":17,"a":4,"t":147},"Q":1477},{"Q":1480,"H":{"x":165,"n":67,"a":94},"T":[8,59]},{"H":{"x":81,"n":67,"a":70},"T":[8,59],"P":{"d":82,"s":9,"c":2,"a":4,"t":147},"E":{"a":[215,88,68,0,370]},"Q":1478},{"H":{"x":81,"n":67,"a":70},"T":[8,59],"P":{"t":147,"a":2},"Q":1479},{"H":{"x":159,"n":75,"a":97},"T":[9,0],"E":{"a":[1,2,1,0,0]},"Q":1481},{"H":{"x":164,"n":48,"a":100},"T":[9,1],"E":{"a":[0,1,0,0,0]},"Q":1482},{"H":{"x":174,"n":85,"a":109},"T":[9,2],"E":{"a":[3,3,3,0,480]},"Q":1483},{"H":{"x":129,"n":73,"a":92},"T":[9,3],"E":{"a":[1,5,2,0,1290]},"Q":1484},{"H":{"x":134,"n":72,"a":86},"T":[9,5],"P":{"d":280,"s":43,"c":13,"t":1},"E":{"a":[6,9,6,0,20]},"Q":1485},{"H":{"x":171,"n":67,"a":146},"T":[9,6],"P":{"d":271,"s":57,"c":17,"t":1},"E":{"a":[64,105,79,0,340]},"Q":1486},{"H":{"x":175,"n":75,"a":126},"T":[9,7],"P":{"d":95,"s":18,"c":5,"t":1},"E":{"a":[100,112,101,0,1440]},"Q":1487},{"H":{"x":122,"n":69,"a":83},"T":[9,7],"E":{"a":[101,35,20,0,30]},"Q":1488},{"H":{"x":127,"n":70,"a":83},"T":[9,8],"E":{"a":[9,10,7,0,20]},"Q":1489},{"H":{"x":154,"n":78,"a":104},"T":[9,9],"E":{"a":[3,15,6,0,0]},"Q":1490},{"H":{"x":139,"n":76,"a":112},"T":[9,11],"P":{"s":9,"c":2,"t":1},"E":{"a":[2,22,6,0,0]},"Q":1491},{"H":{"x":179,"n":70,"a":126},"T":[9,11],"E":{"a":[11,45,24,0,450]},"Q":1492},{"H":{"x":165,"n":71,"a":101},"T":[9,12],"E":{"a":[3,31,8,0,730]},"Q":1493},{"H":{"x":162,"n":77,"a":95},"T":[9,13],"E":{"a":[7,25,15,0,760]},"Q":1494},{"H":{"x":155,"n":72,"a":104},"T":[9,14],"E":{"a":[0,5,0,0,0]},"Q":1495},{"H":{"x":154,"n":66,"a":110},"T":[9,15],"E":{"a":[2,16,9,0,0]},"Q":1496},{"H":{"x":140,"n":69,"a":86},"T":[9,16],"E":{"a":[1,10,4,0,1020]},"Q":1497},{"H":{"x":168,"n":77,"a":108},"T":[9,17],"E":{"a":[11,29,17,0,110]},"Q":1498},{"Q":1499,"H":{"x":179,"n":73,"a":108},"T":[9,18]},{"H":{"x":156,"n":79,"a":96},"T":[9,19],"E":{"a":[4,11,9,0,10]},"Q":1500},{"H":{"x":90,"n":71,"a":86},"T":[9,20],"E":{"a":[1,4,2,0,0]},"Q":1501},{"H":{"x":166,"n":80,"a":122},"T":[9,21],"E":{"a":[0,1,0,0,0]},"Q":1502},{"H":{"x":167,"n":75,"a":109},"T":[9,22],"E":{"a":[4,17,8,0,0]},"Q":1503},{"H":{"x":163,"n":78,"a":98},"T":[9,23],"E":{"a":[10,36,15,0,30]},"Q":1504},{"H":{"x":151,"n":65,"a":93},"T":[9,24],"E":{"a":[6,24,12,0,10]},"Q":1505},{"H":{"x":139,"n":69,"a":92},"T":[9,25],"E":{"a":[6,19,11,0,0]},"Q":1506},{"H":{"x":171,"n":71,"a":96},"T":[9,26],"E":{"a":[0,2,0,0,0]},"Q":1507},{"H":{"x":154,"n":71,"a":94},"T":[9,27],"E":{"a":[3,10,5,0,0]},"Q":1508},{"H":{"x":128,"n":69,"a":90},"T":[9,28],"E":{"a":[3,23,10,0,0]},"Q":1509},{"H":{"x":179,"n":67,"a":95},"T":[9,29],"E":{"a":[5,17,10,0,0]},"Q":1510},{"H":{"x":154,"n":75,"a":102},"T":[9,30],"E":{"a":[7,19,13,0,0]},"Q":1511},{"H":{"x":166,"n":96,"a":120},"T":[9,31],"E":{"a":[11,53,35,0,260]},"Q":1512},{"H":{"x":131,"n":65,"a":84},"T":[9,32],"E":{"a":[2,7,3,0,0]},"Q":1513},{"H":{"x":140,"n":65,"a":83},"T":[9,33],"E":{"a":[3,11,4,0,0]},"Q":1514},{"H":{"x":176,"n":66,"a":114},"T":[9,34],"E":{"a":[4,17,7,0,0]},"Q":1515},{"H":{"x":128,"n":65,"a":94},"T":[9,35],"E":{"a":[4,15,5,0,0]},"Q":1516},{"H":{"x":121,"n":65,"a":83},"T":[9,36],"E":{"a":[2,7,4,0,0]},"Q":1517},{"H":{"x":141,"n":73,"a":95},"T":[9,37],"E":{"a":[3,13,4,0,0]},"Q":1518},{"H":{"x":142,"n":66,"a":99},"T":[9,38],"E":{"a":[3,21,3,0,2210]},"Q":1519},{"H":{"x":175,"n":69,"a":92},"T":[9,39],"E":{"a":[4,8,4,0,300]},"Q":1520},{"H":{"x":132,"n":67,"a":86},"T":[9,40],"E":{"a":[4,7,4,0,0]},"Q":1521},{"H":{"x":121,"n":87,"a":112},"T":[9,41],"E":{"a":[2,10,5,0,0]},"Q":1522},{"H":{"x":177,"n":70,"a":108},"T":[9,42],"E":{"a":[5,21,11,0,0]},"Q":1523},{"H":{"x":160,"n":80,"a":104},"T":[9,43],"E":{"a":[1,5,2,0,0]},"Q":1524},{"H":{"x":84,"n":68,"a":80},"T":[9,44],"E":{"a":[4,14,6,0,0]},"Q":1525},{"H":{"x":155,"n":59,"a":89},"T":[9,45],"E":{"a":[1,3,1,0,0]},"Q":1526},{"Q":1527,"H":{"x":122,"n":64,"a":81},"T":[9,46]},{"H":{"x":178,"n":69,"a":122},"T":[9,47],"E":{"a":[0,4,0,0,0]},"Q":1528},{"H":{"x":179,"n":74,"a":125},"T":[9,48],"E":{"a":[1,11,3,0,0]},"Q":1529},{"H":{"x":179,"n":79,"a":136},"T":[9,49],"E":{"a":[6,42,23,0,0]},"Q":1530},{"H":{"x":164,"n":69,"a":86},"T":[9,50],"E":{"a":[4,9,4,0,0]},"Q":1531},{"H":{"x":116,"n":64,"a":78},"T":[9,52],"P":{"d":258,"s":42,"c":12,"t":1},"E":{"a":[27,46,38,0,350]},"Q":1532},{"H":{"x":173,"n":72,"a":122},"T":[9,53],"P":{"d":67,"s":12,"c":3,"t":1},"E":{"a":[71,94,74,0,730]},"Q":1533},{"H":{"x":165,"n":67,"a":98},"T":[9,53],"E":{"a":[4,29,13,0,970]},"Q":1534},{"H":{"x":176,"n":59,"a":134},"T":[9,54],"E":{"a":[5,16,9,0,230]},"Q":1535},{"H":{"x":173,"n":95,"a":112},"T":[9,55],"E":{"a":[5,43,17,0,430]},"Q":1536},{"H":{"x":179,"n":65,"a":105},"T":[9,56],"E":{"a":[7,34,18,0,900]},"Q":1537},{"H":{"x":169,"n":80,"a":112},"T":[9,57],"E":{"a":[5,35,15,0,660]},"Q":1538},{"H":{"x":160,"n":59,"a":103},"T":[9,58],"E":{"a":[2,12,4,0,1270]},"Q":1539},{"H":{"x":150,"n":59,"a":93},"T":[9,59],"E":{"a":[6,27,14,0,410]},"Q":1540},{"H":{"x":169,"n":74,"a":106},"T":[10,0],"E":{"a":[2,12,3,0,0]},"Q":1541},{"H":{"x":163,"n":81,"a":108},"T":[10,1],"E":{"a":[2,24,6,0,0]},"Q":1542},{"H":{"x":173,"n":58,"a":120},"T":[10,2],"E":{"a":[2,23,6,0,0]},"Q":1543},{"H":{"x":176,"n":69,"a":100},"T":[10,3],"E":{"a":[5,21,9,0,0]},"Q":1544},{"H":{"x":175,"n":80,"a":123},"T":[10,4],"E":{"a":[3,28,12,0,0]},"Q":1545},{"H":{"x":176,"n":101,"a":124},"T":[10,5],"E":{"a":[4,23,6,0,0]},"Q":1546},{"H":{"x":168,"n":75,"a":101},"T":[10,6],"E":{"a":[3,27,7,0,0]},"Q":1547},{"H":{"x":151,"n":61,"a":82},"T":[10,7],"E":{"a":[3,18,5,0,0]},"Q":1548},{"H":{"x":167,"n":62,"a":104},"T":[10,8],"E":{"a":[1,26,3,0,0]},"Q":1549},{"H":{"x":171,"n":69,"a":107},"T":[10,9],"E":{"a":[4,14,4,0,0]},"Q":1550},{"H":{"x":155,"n":78,"a":110},"T":[10,10],"E":{"a":[5,31,10,0,350]},"Q":1551},{"H":{"x":157,"n":85,"a":102},"T":[10,11],"E":{"a":[4,20,9,0,860]},"Q":1552},{"H":{"x":171,"n":72,"a":98},"T":[10,12],"E":{"a":[8,46,30,0,120]},"Q":1553},{"H":{"x":171,"n":88,"a":103},"T":[10,13],"E":{"a":[4,40,13,0,0]},"Q":1554},{"H":{"x":179,"n":81,"a":126},"T":[10,14],"E":{"a":[4,24,3,0,0]},"Q":1555},{"H":{"x":166,"n":55,"a":120},"T":[10,15],"E":{"a":[9,24,15,0,20]},"Q":1556},{"H":{"x":176,"n":43,"a":99},"T":[10,16],"E":{"a":[0,1,0,0,0]},"Q":1557},{"H":{"x":152,"n":43,"a":89},"T":[10,17],"E":{"a":[3,8,3,0,0]},"Q":1558},{"H":{"x":62,"n":62,"a":62},"T":[10,18],"E":{"a":[10,67,27,0,90]},"Q":1559},{"H":{"x":73,"n":73,"a":73},"T":[10,19],"E":{"a":[11,84,33,0,140]},"Q":1560},{"H":{"x":77,"n":77,"a":77},"T":[10,21],"P":{"d":325,"s":61,"c":18,"t":1},"E":{"a":[30,82,48,0,170]},"Q":1561},{"H":{"x":78,"n":78,"a":78},"T":[10,21],"E":{"a":[77,72,52,0,2210]},"Q":1562},{"H":{"x":165,"n":41,"a":88},"T":[10,22],"E":{"a":[11,75,15,0,2850]},"Q":1563},{"H":{"x":169,"n":42,"a":91},"T":[10,23],"E":{"a":[4,19,5,0,2900]},"Q":1564},{"H":{"x":145,"n":70,"a":100},"T":[10,24],"E":{"a":[24,77,46,0,1210]},"Q":1565},{"H":{"x":171,"n":67,"a":93},"T":[10,25],"E":{"a":[3,20,10,0,0]},"Q":1566},{"H":{"x":113,"n":69,"a":88},"T":[10,26],"E":{"a":[17,52,35,0,1200]},"Q":1567},{"H":{"x":112,"n":69,"a":87},"T":[10,27],"E":{"a":[10,44,22,0,20]},"Q":1568},{"H":{"x":75,"n":47,"a":51},"T":[10,28],"E":{"a":[11,1,1,0,2980]},"Q":1569},{"H":{"x":107,"n":68,"a":104},"T":[10,29],"E":{"a":[0,1,0,0,3000]},"Q":1570},{"Q":1571,"H":{"x":63,"n":41,"a":48},"T":[10,30]},{"Q":1572,"H":{"x":118,"n":41,"a":61},"T":[10,31]},{"Q":1573,"H":{"x":69,"n":41,"a":51},"T":[10,32]},{"H":{"x":64,"n":43,"a":47},"T":[10,33],"E":{"a":[0,3,0,0,3000]},"Q":1574},{"Q":1575,"H":{"x":64,"n":64,"a":64},"T":[10,34]},{"H":{"x":140,"n":41,"a":58},"T":[10,35],"E":{"a":[0,3,0,0,3000]},"Q":1576},{"H":{"x":82,"n":46,"a":56},"T":[10,36],"E":{"a":[0,1,0,0,3000]},"Q":1577},{"Q":1578,"H":{"x":64,"n":64,"a":64},"T":[10,37]},{"H":{"x":100,"n":47,"a":66},"T":[10,38],"E":{"a":[0,1,0,0,3000]},"Q":1579},{"Q":1580,"H":{"x":64,"n":64,"a":64},"T":[10,39]},{"H":{"x":113,"n":49,"a":68},"T":[10,40],"E":{"a":[0,1,0,0,3000]},"Q":1581},{"H":{"x":170,"n":41,"a":68},"T":[10,41],"E":{"a":[2,7,3,0,2990]},"Q":1582},{"H":{"x":175,"n":41,"a":76},"T":[10,42],"E":{"a":[0,3,0,0,3000]},"Q":1583},{"H":{"x":142,"n":53,"a":70},"T":[10,43],"E":{"a":[0,3,0,0,3000]},"Q":1584},{"Q":1585,"H":{"x":70,"n":44,"a":59},"T":[10,44]},{"Q":1586,"H":{"x":100,"n":42,"a":56},"T":[10,45]},{"Q":1587,"H":{"x":82,"n":53,"a":65},"T":[10,46]},{"Q":1588,"H":{"x":69,"n":69,"a":69},"T":[10,47]},{"Q":1589,"H":{"x":69,"n":69,"a":69},"T":[10,48]},{"Q":1590,"H":{"x":74,"n":49,"a":71},"T":[10,49]},{"H":{"x":72,"n":72,"a":72},"T":[10,50],"E":{"a":[0,2,0,0,3000]},"Q":1591},{"Q":1592,"H":{"x":70,"n":70,"a":70},"T":[10,51]},{"Q":1593,"H":{"x":70,"n":70,"a":70},"T":[10,52]},{"Q":1594,"H":{"x":69,"n":69,"a":69},"T":[10,53]},{"Q":1595,"H":{"x":70,"n":70,"a":70},"T":[10,54]},{"H":{"x":117,"n":46,"a":78},"T":[10,55],"E":{"a":[0,1,0,0,2990]},"Q":1596},{"H":{"x":71,"n":71,"a":71},"T":[10,56],"E":{"a":[0,2,0,0,3000]},"Q":1597},{"H":{"x":70,"n":70,"a":70},"T":[10,57],"E":{"a":[0,1,0,0,3000]},"Q":1598},{"H":{"x":70,"n":58,"a":58},"T":[10,58],"E":{"a":[1,2,1,0,2990]},"Q":1599},{"H":{"x":148,"n":68,"a":117},"T":[10,59],"E":{"a":[0,1,0,0,3000]},"Q":1600},{"H":{"x":78,"n":57,"a":74},"T":[11,0],"E":{"a":[0,1,0,0,3000]},"Q":1601},{"Q":1602,"H":{"x":70,"n":70,"a":70},"T":[11,1]},{"H":{"x":70,"n":70,"a":70},"T":[11,2],"E":{"a":[0,4,0,0,3000]},"Q":1603},{"H":{"x":70,"n":42,"a":56},"T":[11,3],"E":{"a":[0,1,0,0,3000]},"Q":1604},{"Q":1605,"H":{"x":114,"n":43,"a":67},"T":[11,4]},{"H":{"x":68,"n":68,"a":68},"T":[11,5],"E":{"a":[0,2,0,0,3000]},"Q":1606},{"Q":1607,"H":{"x":68,"n":68,"a":68},"T":[11,6]},{"Q":1608,"H":{"x":69,"n":69,"a":69},"T":[11,7]},{"Q":1609,"H":{"x":70,"n":70,"a":70},"T":[11,8]},{"Q":1610,"H":{"x":69,"n":65,"a":67},"T":[11,9]},{"Q":1611,"H":{"x":70,"n":70,"a":70},"T":[11,10]},{"Q":1612,"H":{"x":152,"n":71,"a":128},"T":[11,11]},{"Q":1613,"H":{"x":71,"n":71,"a":71},"T":[11,12]},{"Q":1614,"H":{"x":70,"n":70,"a":70},"T":[11,13]},{"Q":1615,"H":{"x":71,"n":71,"a":71},"T":[11,14]},{"Q":1616,"H":{"x":71,"n":71,"a":71},"T":[11,15]},{"Q":1617,"H":{"x":72,"n":72,"a":72},"T":[11,16]},{"Q":1618,"H":{"x":72,"n":70,"a":70},"T":[11,17]},{"Q":1619,"H":{"x":73,"n":73,"a":73},"T":[11,18]},{"Q":1620,"H":{"x":73,"n":73,"a":73},"T":[11,19]},{"Q":1621,"H":{"x":72,"n":72,"a":72},"T":[11,20]},{"Q":1622,"H":{"x":71,"n":44,"a":45},"T":[11,21]},{"Q":1623,"H":{"x":70,"n":70,"a":70},"T":[11,22]},{"Q":1624,"H":{"x":157,"n":58,"a":66},"T":[11,23]},{"Q":1625,"H":{"x":103,"n":44,"a":78},"T":[11,24]},{"H":{"x":44,"n":44,"a":44},"T":[11,25],"E":{"a":[0,1,0,0,3000]},"Q":1626},{"Q":1627,"H":{"x":103,"n":46,"a":66},"T":[11,26]},{"Q":1628,"H":{"x":72,"n":72,"a":72},"T":[11,27]},{"Q":1629,"H":{"x":72,"n":72,"a":72},"T":[11,28]},{"Q":1630,"H":{"x":70,"n":70,"a":70},"T":[11,29]},{"Q":1631,"H":{"x":71,"n":60,"a":60},"T":[11,30]},{"Q":1632,"H":{"x":100,"n":42,"a":72},"T":[11,31]},{"H":{"x":101,"n":45,"a":73},"T":[11,32],"E":{"a":[0,3,0,0,3000]},"Q":1633},{"Q":1634,"H":{"x":90,"n":41,"a":55},"T":[11,33]},{"Q":1635,"H":{"x":92,"n":42,"a":60},"T":[11,34]},{"Q":1636,"H":{"x":140,"n":45,"a":77},"T":[11,35]},{"H":{"x":95,"n":51,"a":56},"T":[11,36],"E":{"a":[0,1,0,0,3000]},"Q":1637},{"H":{"x":94,"n":45,"a":66},"T":[11,37],"E":{"a":[0,4,0,0,3000]},"Q":1638},{"H":{"x":125,"n":43,"a":70},"T":[11,38],"E":{"a":[0,2,0,0,3000]},"Q":1639},{"Q":1640,"H":{"x":124,"n":41,"a":74},"T":[11,39]},{"H":{"x":52,"n":45,"a":50},"T":[11,40],"E":{"a":[0,3,0,0,3000]},"Q":1641},{"Q":1642,"H":{"x":159,"n":41,"a":73},"T":[11,41]},{"H":{"x":150,"n":43,"a":73},"T":[11,42],"E":{"a":[1,1,1,0,3000]},"Q":1643},{"H":{"x":156,"n":60,"a":104},"T":[11,43],"E":{"a":[0,1,0,0,3000]},"Q":1644},{"Q":1645,"H":{"x":137,"n":47,"a":80},"T":[11,44]},{"H":{"x":161,"n":43,"a":74},"T":[11,45],"E":{"a":[0,1,0,0,3000]},"Q":1646},{"Q":1647,"H":{"x":63,"n":63,"a":63},"T":[11,46]},{"H":{"x":97,"n":41,"a":54},"T":[11,47],"E":{"a":[0,2,0,0,3000]},"Q":1648},{"H":{"x":115,"n":42,"a":53},"T":[11,48],"E":{"a":[0,2,0,0,3000]},"Q":1649},{"H":{"x":59,"n":51,"a":52},"T":[11,49],"E":{"a":[0,1,0,0,3000]},"Q":1650},{"H":{"x":142,"n":43,"a":57},"T":[11,50],"E":{"a":[0,1,0,0,3000]},"Q":1651},{"H":{"x":169,"n":55,"a":91},"T":[11,51],"E":{"a":[0,1,0,0,3000]},"Q":1652},{"Q":1653,"H":{"x":74,"n":49,"a":61},"T":[11,52]},{"H":{"x":118,"n":61,"a":84},"T":[11,53],"E":{"a":[0,1,0,0,3000]},"Q":1654},{"H":{"x":60,"n":60,"a":60},"T":[11,54],"E":{"a":[0,1,0,0,3000]},"Q":1655},{"Q":1656,"H":{"x":60,"n":60,"a":60},"T":[11,55]},{"Q":1657,"H":{"x":60,"n":60,"a":60},"T":[11,56]},{"H":{"x":61,"n":61,"a":61},"T":[11,57],"E":{"a":[0,2,0,0,3000]},"Q":1658},{"H":{"x":119,"n":41,"a":68},"T":[11,58],"E":{"a":[1,3,2,0,3000]},"Q":1659},{"H":{"x":159,"n":42,"a":87},"T":[11,59],"E":{"a":[0,2,0,0,3000]},"Q":1660},{"H":{"x":171,"n":85,"a":103},"T":[12,0],"E":{"a":[0,2,0,0,3000]},"Q":1661},{"H":{"x":130,"n":49,"a":69},"T":[12,1],"E":{"a":[1,1,1,0,3000]},"Q":1662},{"H":{"x":170,"n":45,"a":88},"T":[12,2],"E":{"a":[1,2,1,0,3000]},"Q":1663},{"H":{"x":132,"n":41,"a":71},"T":[12,3],"E":{"a":[0,1,0,0,3000]},"Q":1664},{"H":{"x":142,"n":45,"a":82},"T":[12,4],"E":{"a":[0,2,0,0,3000]},"Q":1665},{"Q":1666,"H":{"x":153,"n":42,"a":76},"T":[12,5]},{"H":{"x":122,"n":44,"a":66},"T":[12,6],"E":{"a":[0,1,0,0,3000]},"Q":1667},{"H":{"x":112,"n":44,"a":69},"T":[12,7],"E":{"a":[1,2,1,0,3000]},"Q":1668},{"H":{"x":87,"n":87,"a":87},"T":[12,8],"E":{"a":[1,3,1,0,2990]},"Q":1669},{"H":{"x":132,"n":66,"a":96},"T":[12,9],"E":{"a":[1,2,1,0,2990]},"Q":1670},{"Q":1671,"H":{"x":66,"n":66,"a":66},"T":[12,10]},{"Q":1672,"H":{"x":171,"n":67,"a":113},"T":[12,11]},{"Q":1673,"H":{"x":107,"n":107,"a":107},"T":[12,12]},{"Q":1674,"H":{"x":69,"n":69,"a":69},"T":[12,13]},{"Q":1675,"H":{"x":70,"n":70,"a":70},"T":[12,14]},{"Q":1676,"H":{"x":69,"n":69,"a":69},"T":[12,15]},{"Q":1677,"H":{"x":66,"n":66,"a":66},"T":[12,16]},{"Q":1678,"H":{"x":66,"n":66,"a":66},"T":[12,17]},{"Q":1679,"H":{"x":66,"n":66,"a":66},"T":[12,18]},{"Q":1680,"H":{"x":64,"n":64,"a":64},"T":[12,19]},{"Q":1681,"H":{"x":64,"n":64,"a":64},"T":[12,20]},{"Q":1682,"H":{"x":63,"n":63,"a":63},"T":[12,21]},{"Q":1683,"H":{"x":62,"n":62,"a":62},"T":[12,22]},{"Q":1684,"H":{"x":61,"n":61,"a":61},"T":[12,23]},{"Q":1685,"H":{"x":61,"n":61,"a":61},"T":[12,24]},{"Q":1686,"H":{"x":61,"n":61,"a":61},"T":[12,25]},{"Q":1687,"H":{"x":61,"n":61,"a":61},"T":[12,26]},{"Q":1688,"H":{"x":61,"n":61,"a":61},"T":[12,27]},{"Q":1689,"H":{"x":59,"n":59,"a":59},"T":[12,28]},{"Q":1690,"H":{"x":59,"n":59,"a":59},"T":[12,29]},{"Q":1691,"H":{"x":60,"n":60,"a":60},"T":[12,30]},{"Q":1692,"H":{"x":59,"n":59,"a":59},"T":[12,31]},{"Q":1693,"H":{"x":58,"n":58,"a":58},"T":[12,32]},{"H":{"x":58,"n":58,"a":58},"T":[12,33],"E":{"a":[0,1,0,0,3000]},"Q":1694},{"Q":1695,"H":{"x":59,"n":59,"a":59},"T":[12,34]},{"Q":1696,"H":{"x":139,"n":50,"a":71},"T":[12,35]},{"Q":1697,"H":{"x":60,"n":52,"a":52},"T":[12,36]},{"Q":1698,"H":{"x":61,"n":61,"a":61},"T":[12,37]},{"Q":1699,"H":{"x":61,"n":61,"a":61},"T":[12,38]},{"Q":1700,"H":{"x":61,"n":46,"a":47},"T":[12,39]},{"H":{"x":167,"n":42,"a":84},"T":[12,40],"E":{"a":[1,1,1,0,3000]},"Q":1701},{"H":{"x":167,"n":46,"a":70},"T":[12,41],"E":{"a":[0,1,0,0,3000]},"Q":1702},{"Q":1703,"H":{"x":47,"n":42,"a":46},"T":[12,42]},{"H":{"x":88,"n":44,"a":66},"T":[12,43],"E":{"a":[0,1,0,0,3000]},"Q":1704},{"H":{"x":121,"n":43,"a":56},"T":[12,44],"E":{"a":[0,1,0,0,3000]},"Q":1705},{"Q":1706,"H":{"x":43,"n":43,"a":43},"T":[12,45]},{"H":{"x":135,"n":71,"a":100},"T":[12,46],"E":{"a":[0,1,0,0,3000]},"Q":1707},{"Q":1708,"H":{"x":69,"n":69,"a":69},"T":[12,47]},{"Q":1709,"H":{"x":68,"n":68,"a":68},"T":[12,48]},{"Q":1710,"H":{"x":91,"n":67,"a":79},"T":[12,49]},{"H":{"x":67,"n":67,"a":67},"T":[12,50],"E":{"a":[0,2,0,0,3000]},"Q":1711},{"Q":1712,"H":{"x":68,"n":68,"a":68},"T":[12,51]},{"Q":1713,"H":{"x":68,"n":68,"a":68},"T":[12,52]},{"Q":1714,"H":{"x":66,"n":66,"a":66},"T":[12,53]},{"Q":1715,"H":{"x":66,"n":66,"a":66},"T":[12,54]},{"Q":1716,"H":{"x":66,"n":66,"a":66},"T":[12,55]},{"Q":1717,"H":{"x":66,"n":53,"a":53},"T":[12,56]},{"Q":1718,"H":{"x":53,"n":53,"a":53},"T":[12,57]},{"Q":1719,"H":{"x":66,"n":66,"a":66},"T":[12,58]},{"Q":1720,"H":{"x":63,"n":63,"a":63},"T":[12,59]},{"Q":1721,"H":{"x":63,"n":63,"a":63},"T":[13,0]},{"Q":1722,"H":{"x":64,"n":64,"a":64},"T":[13,1]},{"Q":1723,"H":{"x":64,"n":64,"a":64},"T":[13,2]},{"Q":1724,"H":{"x":66,"n":66,"a":66},"T":[13,3]},{"Q":1725,"H":{"x":68,"n":68,"a":68},"T":[13,4]},{"Q":1726,"H":{"x":68,"n":68,"a":68},"T":[13,5]},{"Q":1727,"H":{"x":67,"n":67,"a":67},"T":[13,6]},{"Q":1728,"H":{"x":67,"n":67,"a":67},"T":[13,7]},{"Q":1729,"H":{"x":69,"n":69,"a":69},"T":[13,8]},{"Q":1730,"H":{"x":69,"n":69,"a":69},"T":[13,9]},{"Q":1731,"H":{"x":70,"n":70,"a":70},"T":[13,10]},{"Q":1732,"H":{"x":157,"n":70,"a":152},"T":[13,11]},{"Q":1733,"H":{"x":157,"n":157,"a":157},"T":[13,12]},{"Q":1734,"H":{"x":71,"n":71,"a":71},"T":[13,13]},{"Q":1735,"H":{"x":70,"n":70,"a":70},"T":[13,14]},{"Q":1736,"H":{"x":70,"n":70,"a":70},"T":[13,15]},{"Q":1737,"H":{"x":70,"n":70,"a":70},"T":[13,16]},{"Q":1738,"H":{"x":72,"n":72,"a":72},"T":[13,17]},{"Q":1739,"H":{"x":73,"n":73,"a":73},"T":[13,18]},{"Q":1740,"H":{"x":73,"n":73,"a":73},"T":[13,19]},{"Q":1741,"H":{"x":72,"n":72,"a":72},"T":[13,20]},{"Q":1742,"H":{"x":71,"n":71,"a":71},"T":[13,21]},{"Q":1743,"H":{"x":70,"n":70,"a":70},"T":[13,22]},{"Q":1744,"H":{"x":71,"n":71,"a":71},"T":[13,23]},{"Q":1745,"H":{"x":70,"n":70,"a":70},"T":[13,24]},{"Q":1746,"H":{"x":70,"n":70,"a":70},"T":[13,25]},{"Q":1747,"H":{"x":71,"n":71,"a":71},"T":[13,26]},{"Q":1748,"H":{"x":72,"n":72,"a":72},"T":[13,27]},{"Q":1749,"H":{"x":71,"n":71,"a":71},"T":[13,28]},{"Q":1750,"H":{"x":72,"n":72,"a":72},"T":[13,29]},{"Q":1751,"H":{"x":73,"n":49,"a":50},"T":[13,30]},{"H":{"x":171,"n":49,"a":82},"T":[13,31],"E":{"a":[0,1,0,0,3000]},"Q":1752},{"Q":1753,"H":{"x":151,"n":44,"a":95},"T":[13,32]},{"Q":1754,"H":{"x":127,"n":41,"a":60},"T":[13,33]},{"H":{"x":157,"n":57,"a":68},"T":[13,34],"E":{"a":[0,1,0,0,3000]},"Q":1755},{"Q":1756,"H":{"x":93,"n":48,"a":81},"T":[13,35]},{"H":{"x":158,"n":44,"a":72},"T":[13,36],"E":{"a":[0,1,0,0,3000]},"Q":1757},{"H":{"x":99,"n":41,"a":55},"T":[13,37],"E":{"a":[0,2,0,0,3000]},"Q":1758},{"H":{"x":87,"n":66,"a":86},"T":[13,38],"E":{"a":[3,6,3,0,2970]},"Q":1759},{"Q":1760,"H":{"x":68,"n":68,"a":68},"T":[13,39]},{"Q":1761,"H":{"x":61,"n":61,"a":61},"T":[13,40]},{"Q":1762,"H":{"x":168,"n":41,"a":92},"T":[13,41]},{"H":{"x":119,"n":42,"a":68},"T":[13,42],"E":{"a":[0,1,0,0,3000]},"Q":1763},{"Q":1764,"H":{"x":142,"n":43,"a":56},"T":[13,43]},{"Q":1765,"H":{"x":80,"n":42,"a":56},"T":[13,44]},{"Q":1766,"H":{"x":106,"n":41,"a":61},"T":[13,45]},{"H":{"x":79,"n":67,"a":74},"T":[13,46],"E":{"a":[0,1,0,0,3000]},"Q":1767},{"Q":1768,"H":{"x":84,"n":48,"a":60},"T":[13,47]},{"Q":1769,"H":{"x":128,"n":43,"a":53},"T":[13,48]},{"Q":1770,"H":{"x":76,"n":48,"a":52},"T":[13,49]},{"Q":1771,"H":{"x":83,"n":42,"a":68},"T":[13,50]},{"H":{"x":92,"n":47,"a":67},"T":[13,51],"E":{"a":[1,2,1,0,3000]},"Q":1772},{"H":{"x":140,"n":60,"a":91},"T":[13,52],"E":{"a":[2,4,2,0,3000]},"Q":1773},{"H":{"x":175,"n":42,"a":87},"T":[13,53],"E":{"a":[0,2,0,0,2340]},"Q":1774},{"H":{"x":164,"n":43,"a":96},"T":[13,54],"E":{"a":[0,1,0,0,990]},"Q":1775},{"H":{"x":176,"n":43,"a":101},"T":[13,55],"E":{"a":[1,2,1,0,2250]},"Q":1776},{"Q":1777,"H":{"x":175,"n":71,"a":114},"T":[13,56]},{"Q":1778,"H":{"x":176,"n":44,"a":72},"T":[13,57]},{"Q":1779,"H":{"x":131,"n":43,"a":71},"T":[13,58]},{"Q":1780,"H":{"x":173,"n":41,"a":113},"T":[13,59]},{"Q":1781,"H":{"x":176,"n":43,"a":82},"T":[14,0]},{"Q":1782,"H":{"x":125,"n":46,"a":55},"T":[14,1]},{"Q":1783,"H":{"x":153,"n":49,"a":72},"T":[14,2]},{"Q":1784,"H":{"x":147,"n":44,"a":61},"T":[14,3]},{"Q":1785,"H":{"x":120,"n":41,"a":73},"T":[14,4]},{"Q":1786,"H":{"x":141,"n":41,"a":70},"T":[14,5]},{"Q":1787,"H":{"x":117,"n":50,"a":80},"T":[14,6]},{"Q":1788,"H":{"x":117,"n":55,"a":73},"T":[14,7]},{"Q":1789,"H":{"x":97,"n":56,"a":71},"T":[14,8]},{"Q":1790,"H":{"x":78,"n":59,"a":76},"T":[14,9]},{"Q":1791,"H":{"x":166,"n":48,"a":72},"T":[14,10]},{"Q":1792,"H":{"x":175,"n":45,"a":118},"T":[14,11]},{"Q":1793,"H":{"x":177,"n":61,"a":120},"T":[14,12]},{"Q":1794,"H":{"x":176,"n":80,"a":125},"T":[14,13]},{"H":{"x":159,"n":41,"a":95},"T":[14,14],"E":{"a":[1,1,1,0,0]},"Q":1795},{"Q":1796,"H":{"x":94,"n":53,"a":71},"T":[14,15]},{"Q":1797,"H":{"x":63,"n":63,"a":63},"T":[14,16]},{"Q":1798,"H":{"x":64,"n":64,"a":64},"T":[14,17]},{"Q":1799,"H":{"x":64,"n":60,"a":60},"T":[14,18]},{"Q":1800,"H":{"x":128,"n":54,"a":65},"T":[14,19]},{"Q":1801,"H":{"x":85,"n":47,"a":66},"T":[14,20]},{"Q":1802,"H":{"x":171,"n":41,"a":100},"T":[14,21]},{"Q":1803,"H":{"x":133,"n":43,"a":66},"T":[14,22]},{"Q":1804,"H":{"x":174,"n":48,"a":127},"T":[14,23]},{"Q":1805,"H":{"x":175,"n":43,"a":103},"T":[14,24]},{"Q":1806,"H":{"x":111,"n":41,"a":62},"T":[14,25]},{"Q":1807,"H":{"x":156,"n":45,"a":87},"T":[14,26]},{"Q":1808,"H":{"x":128,"n":46,"a":83},"T":[14,27]},{"H":{"x":177,"n":61,"a":109},"T":[14,28],"E":{"a":[0,2,0,0,0]},"Q":1809},{"Q":1810,"H":{"x":72,"n":42,"a":66},"T":[14,29]},{"Q":1811,"H":{"x":155,"n":43,"a":85},"T":[14,30]},{"Q":1812,"H":{"x":155,"n":76,"a":117},"T":[14,31]},{"Q":1813,"H":{"x":126,"n":41,"a":68},"T":[14,32]},{"Q":1814,"H":{"x":163,"n":42,"a":85},"T":[14,33]},{"H":{"x":174,"n":51,"a":120},"T":[14,34],"E":{"a":[1,1,1,0,0]},"Q":1815},{"H":{"x":71,"n":71,"a":71},"T":[14,35],"E":{"a":[3,4,3,0,0]},"Q":1816},{"H":{"x":72,"n":72,"a":72},"T":[14,36],"E":{"a":[0,3,0,0,0]},"Q":1817},{"Q":1818,"H":{"x":65,"n":65,"a":65},"T":[14,37]},{"Q":1819,"H":{"x":65,"n":65,"a":65},"T":[14,38]},{"Q":1820,"H":{"x":65,"n":65,"a":65},"T":[14,39]},{"H":{"x":65,"n":65,"a":65},"T":[14,40],"E":{"a":[0,1,0,0,0]},"Q":1821},{"Q":1822,"H":{"x":65,"n":65,"a":65},"T":[14,41]},{"Q":1823,"H":{"x":64,"n":64,"a":64},"T":[14,42]},{"Q":1824,"H":{"x":64,"n":64,"a":64},"T":[14,43]},{"Q":1825,"H":{"x":64,"n":64,"a":64},"T":[14,44]},{"Q":1826,"H":{"x":63,"n":63,"a":63},"T":[14,45]},{"Q":1827,"H":{"x":63,"n":63,"a":63},"T":[14,46]},{"H":{"x":63,"n":63,"a":63},"T":[14,47],"E":{"a":[1,1,1,0,0]},"Q":1828},{"Q":1829,"H":{"x":68,"n":68,"a":68},"T":[14,48]},{"Q":1830,"H":{"x":70,"n":70,"a":70},"T":[14,49]},{"H":{"x":71,"n":71,"a":71},"T":[14,50],"E":{"a":[0,1,0,0,0]},"Q":1831},{"H":{"x":71,"n":71,"a":71},"T":[14,51],"E":{"a":[1,3,1,0,0]},"Q":1832},{"Q":1833,"H":{"x":63,"n":63,"a":63},"T":[14,52]},{"Q":1834,"H":{"x":66,"n":66,"a":66},"T":[14,53]},{"H":{"x":66,"n":66,"a":66},"T":[14,54],"E":{"a":[0,1,0,0,0]},"Q":1835},{"Q":1836,"H":{"x":66,"n":66,"a":66},"T":[14,55]},{"Q":1837,"H":{"x":63,"n":63,"a":63},"T":[14,56]},{"Q":1838,"H":{"x":63,"n":63,"a":63},"T":[14,57]},{"Q":1839,"H":{"x":62,"n":62,"a":62},"T":[14,58]},{"H":{"x":64,"n":64,"a":64},"T":[14,59],"E":{"a":[0,1,0,0,0]},"Q":1840},{"H":{"x":65,"n":65,"a":65},"T":[15,0],"E":{"a":[0,2,0,0,0]},"Q":1841},{"Q":1842,"H":{"x":66,"n":66,"a":66},"T":[15,1]},{"H":{"x":160,"n":67,"a":121},"T":[15,2],"E":{"a":[2,5,2,0,0]},"Q":1843},{"H":{"x":177,"n":122,"a":155},"T":[15,3],"E":{"a":[3,9,4,0,0]},"Q":1844},{"Q":1845,"H":{"x":179,"n":106,"a":154},"T":[15,4]},{"Q":1846,"H":{"x":179,"n":93,"a":160},"T":[15,5]},{"Q":1847,"H":{"x":176,"n":100,"a":162},"T":[15,6]},{"Q":1848,"H":{"x":178,"n":112,"a":154},"T":[15,7]},{"Q":1849,"H":{"x":179,"n":126,"a":157},"T":[15,8]},{"Q":1850,"H":{"x":178,"n":138,"a":156},"T":[15,9]},{"Q":1851,"H":{"x":176,"n":117,"a":162},"T":[15,10]},{"Q":1852,"H":{"x":178,"n":110,"a":166},"T":[15,11]},{"Q":1853,"H":{"x":179,"n":141,"a":164},"T":[15,12]},{"Q":1854,"H":{"x":177,"n":133,"a":154},"T":[15,13]},{"Q":1855,"H":{"x":179,"n":100,"a":164},"T":[15,14]},{"Q":1856,"H":{"x":178,"n":150,"a":166},"T":[15,15]},{"Q":1857,"H":{"x":178,"n":127,"a":161},"T":[15,16]},{"Q":1858,"H":{"x":178,"n":119,"a":163},"T":[15,17]},{"Q":1859,"H":{"x":175,"n":120,"a":161},"T":[15,18]},{"Q":1860,"H":{"x":164,"n":120,"a":160},"T":[15,19]},{"Q":1861,"H":{"x":179,"n":62,"a":174},"T":[15,20]},{"Q":1862,"H":{"x":179,"n":168,"a":175},"T":[15,21]},{"Q":1863,"H":{"x":169,"n":163,"a":166},"T":[15,22]},{"Q":1864,"H":{"x":179,"n":63,"a":170},"T":[15,23]},{"Q":1865,"H":{"x":177,"n":163,"a":168},"T":[15,24]},{"Q":1866,"H":{"x":175,"n":64,"a":138},"T":[15,25]},{"Q":1867,"H":{"x":175,"n":64,"a":143},"T":[15,26]},{"H":{"x":179,"n":57,"a":127},"T":[15,27],"E":{"a":[1,2,2,0,0]},"Q":1868},{"H":{"x":179,"n":68,"a":131},"T":[15,28],"E":{"a":[1,1,1,0,0]},"Q":1869},{"H":{"x":179,"n":90,"a":150},"T":[15,29],"E":{"a":[0,1,0,0,0]},"Q":1870},{"Q":1871,"H":{"x":179,"n":52,"a":124},"T":[15,30]},{"H":{"x":127,"n":88,"a":123},"T":[15,31],"E":{"a":[1,2,1,0,0]},"Q":1872},{"Q":1873,"H":{"x":177,"n":68,"a":167},"T":[15,32]},{"Q":1874,"H":{"x":177,"n":177,"a":177},"T":[15,33]},{"Q":1875,"H":{"x":160,"n":66,"a":155},"T":[15,34]},{"Q":1876,"H":{"x":169,"n":65,"a":160},"T":[15,35]},{"Q":1877,"H":{"x":64,"n":64,"a":64},"T":[15,36]},{"Q":1878,"H":{"x":169,"n":64,"a":142},"T":[15,37]},{"Q":1879,"H":{"x":177,"n":48,"a":136},"T":[15,38]},{"H":{"x":178,"n":49,"a":123},"T":[15,39],"E":{"a":[0,1,0,0,0]},"Q":1880},{"H":{"x":179,"n":49,"a":117},"T":[15,40],"E":{"a":[0,1,0,0,0]},"Q":1881},{"Q":1882,"H":{"x":179,"n":74,"a":137},"T":[15,41]},{"Q":1883,"H":{"x":177,"n":71,"a":144},"T":[15,42]},{"Q":1884,"H":{"x":177,"n":130,"a":146},"T":[15,43]},{"H":{"x":175,"n":113,"a":156},"T":[15,44],"E":{"a":[2,2,2,0,0]},"Q":1885},{"H":{"x":64,"n":64,"a":64},"T":[15,45],"E":{"a":[2,5,2,0,0]},"Q":1886},{"Q":1887,"H":{"x":64,"n":64,"a":64},"T":[15,46]},{"Q":1888,"H":{"x":68,"n":68,"a":68},"T":[15,47]},{"Q":1889,"H":{"x":164,"n":67,"a":124},"T":[15,48]},{"H":{"x":124,"n":93,"a":120},"T":[15,49],"E":{"a":[6,15,8,0,0]},"Q":1890},{"H":{"x":67,"n":67,"a":67},"T":[15,50],"E":{"a":[0,1,0,0,0]},"Q":1891},{"Q":1892,"H":{"x":64,"n":64,"a":64},"T":[15,51]},{"H":{"x":115,"n":44,"a":57},"T":[15,52],"E":{"a":[5,30,17,0,10]},"Q":1893},{"H":{"x":179,"n":68,"a":145},"T":[15,53],"E":{"a":[2,6,2,0,0]},"Q":1894},{"H":{"x":178,"n":41,"a":157},"T":[15,54],"E":{"a":[0,1,0,0,0]},"Q":1895},{"Q":1896,"H":{"x":179,"n":102,"a":157},"T":[15,55]},{"Q":1897,"H":{"x":179,"n":133,"a":163},"T":[15,56]}]